date,pm25
2018-01-01 00:00:00,423.0
2018-01-01 01:00:00,414.0
2018-01-01 02:00:00,417.0
2018-01-01 03:00:00,466.0
2018-01-01 04:00:00,470.0
2018-01-01 05:00:00,449.0
2018-01-01 06:00:00,404.0
2018-01-01 07:00:00,380.0
2018-01-01 08:00:00,371.0
2018-01-01 09:00:00,332.0
2018-01-01 10:00:00,336.0
2018-01-01 11:00:00,382.0
2018-01-01 12:00:00,411.0
2018-01-01 13:00:00,426.0
2018-01-01 14:00:00,420.0
2018-01-01 15:00:00,330.0
2018-01-01 16:00:00,320.0
2018-01-01 17:00:00,301.0
2018-01-01 18:00:00,386.0
2018-01-01 19:00:00,480.0
2018-01-01 20:00:00,472.0
2018-01-01 21:00:00,444.0
2018-01-01 22:00:00,438.0
2018-01-01 23:00:00,448.0
2018-01-02 00:00:00,492.0
2018-01-02 01:00:00,446.0
2018-01-02 02:00:00,341.0
2018-01-02 03:00:00,342.0
2018-01-02 04:00:00,337.0
2018-01-02 05:00:00,362.0
2018-01-02 06:00:00,384.0
2018-01-02 07:00:00,394.0
2018-01-02 08:00:00,364.0
2018-01-02 09:00:00,350.0
2018-01-02 10:00:00,348.0
2018-01-02 11:00:00,367.0
2018-01-02 12:00:00,367.0
2018-01-02 13:00:00,365.0
2018-01-02 14:00:00,404.0
2018-01-02 15:00:00,380.0
2018-01-02 16:00:00,351.0
2018-01-02 17:00:00,333.0
2018-01-02 18:00:00,357.0
2018-01-02 19:00:00,356.0
2018-01-02 20:00:00,365.0
2018-01-02 21:00:00,423.0
2018-01-02 22:00:00,445.0
2018-01-02 23:00:00,439.0
2018-01-03 00:00:00,362.0
2018-01-03 01:00:00,360.0
2018-01-03 02:00:00,324.0
2018-01-03 03:00:00,346.0
2018-01-03 04:00:00,321.0
2018-01-03 05:00:00,311.0
2018-01-03 06:00:00,310.0
2018-01-03 07:00:00,316.0
2018-01-03 08:00:00,300.0
2018-01-03 09:00:00,301.0
2018-01-03 10:00:00,321.0
2018-01-03 11:00:00,338.0
2018-01-03 12:00:00,359.0
2018-01-03 13:00:00,365.0
2018-01-03 14:00:00,343.0
2018-01-03 15:00:00,334.0
2018-01-03 16:00:00,375.0
2018-01-03 17:00:00,364.0
2018-01-03 18:00:00,367.0
2018-01-03 19:00:00,361.0
2018-01-03 20:00:00,393.0
2018-01-03 21:00:00,333.0
2018-01-03 22:00:00,315.0
2018-01-03 23:00:00,316.0
2018-01-04 00:00:00,373.0
2018-01-04 01:00:00,329.0
2018-01-04 02:00:00,301.0
2018-01-04 03:00:00,143.0
2018-01-04 04:00:00,150.0
2018-01-04 05:00:00,171.0
2018-01-04 06:00:00,170.0
2018-01-04 07:00:00,204.0
2018-01-04 08:00:00,178.0
2018-01-04 09:00:00,158.0
2018-01-04 10:00:00,190.0
2018-01-04 11:00:00,305.0
2018-01-04 12:00:00,325.0
2018-01-04 13:00:00,399.0
2018-01-04 14:00:00,388.0
2018-01-04 15:00:00,345.0
2018-01-04 16:00:00,364.0
2018-01-04 17:00:00,470.0
2018-01-04 18:00:00,416.0
2018-01-04 19:00:00,393.0
2018-01-04 20:00:00,387.0
2018-01-04 21:00:00,376.0
2018-01-04 22:00:00,409.0
2018-01-04 23:00:00,420.0
2018-01-05 00:00:00,437.0
2018-01-05 01:00:00,391.0
2018-01-05 02:00:00,346.0
2018-01-05 03:00:00,329.0
2018-01-05 04:00:00,341.0
2018-01-05 05:00:00,353.0
2018-01-05 06:00:00,326.0
2018-01-05 07:00:00,335.0
2018-01-05 08:00:00,323.0
2018-01-05 09:00:00,319.0
2018-01-05 10:00:00,320.0
2018-01-05 11:00:00,354.0
2018-01-05 12:00:00,359.0
2018-01-05 13:00:00,341.0
2018-01-05 14:00:00,294.0
2018-01-05 15:00:00,171.0
2018-01-05 16:00:00,170.0
2018-01-05 17:00:00,414.0
2018-01-05 18:00:00,379.0
2018-01-05 19:00:00,358.0
2018-01-05 20:00:00,368.0
2018-01-05 21:00:00,375.0
2018-01-05 22:00:00,386.0
2018-01-05 23:00:00,412.0
2018-01-06 00:00:00,409.0
2018-01-06 01:00:00,410.0
2018-01-06 02:00:00,346.0
2018-01-06 03:00:00,241.0
2018-01-06 04:00:00,346.0
2018-01-06 05:00:00,357.0
2018-01-06 06:00:00,345.0
2018-01-06 07:00:00,359.0
2018-01-06 08:00:00,371.0
2018-01-06 09:00:00,327.0
2018-01-06 10:00:00,318.0
2018-01-06 11:00:00,320.0
2018-01-06 12:00:00,345.0
2018-01-06 13:00:00,353.0
2018-01-06 14:00:00,398.0
2018-01-06 15:00:00,415.0
2018-01-06 16:00:00,356.0
2018-01-06 17:00:00,327.0
2018-01-06 18:00:00,250.0
2018-01-06 19:00:00,245.0
2018-01-06 20:00:00,322.0
2018-01-06 21:00:00,348.0
2018-01-06 22:00:00,403.0
2018-01-06 23:00:00,452.0
2018-01-07 00:00:00,431.0
2018-01-07 01:00:00,370.0
2018-01-07 02:00:00,412.0
2018-01-07 03:00:00,354.0
2018-01-07 04:00:00,308.0
2018-01-07 05:00:00,364.0
2018-01-07 06:00:00,375.0
2018-01-07 07:00:00,388.0
2018-01-07 08:00:00,348.0
2018-01-07 09:00:00,322.0
2018-01-07 10:00:00,169.0
2018-01-07 11:00:00,225.0
2018-01-07 12:00:00,260.0
2018-01-07 13:00:00,242.0
2018-01-07 14:00:00,79.0
2018-01-07 15:00:00,58.0
2018-01-07 16:00:00,77.0
2018-01-07 17:00:00,76.0
2018-01-07 18:00:00,86.0
2018-01-07 19:00:00,106.0
2018-01-07 20:00:00,301.0
2018-01-07 21:00:00,398.0
2018-01-07 22:00:00,404.0
2018-01-07 23:00:00,374.0
2018-01-08 00:00:00,334.0
2018-01-08 01:00:00,323.0
2018-01-08 02:00:00,349.0
2018-01-08 03:00:00,356.0
2018-01-08 04:00:00,344.0
2018-01-08 05:00:00,355.0
2018-01-08 06:00:00,334.0
2018-01-08 07:00:00,340.0
2018-01-08 08:00:00,289.0
2018-01-08 09:00:00,280.0
2018-01-08 10:00:00,339.0
2018-01-08 11:00:00,342.0
2018-01-08 12:00:00,317.0
2018-01-08 13:00:00,224.0
2018-01-08 14:00:00,65.0
2018-01-08 15:00:00,55.0
2018-01-08 16:00:00,94.0
2018-01-08 17:00:00,82.0
2018-01-08 18:00:00,83.0
2018-01-08 19:00:00,120.0
2018-01-08 20:00:00,235.0
2018-01-08 21:00:00,397.0
2018-01-08 22:00:00,407.0
2018-01-08 23:00:00,375.0
2018-01-09 00:00:00,403.0
2018-01-09 01:00:00,422.0
2018-01-09 02:00:00,407.0
2018-01-09 03:00:00,471.0
2018-01-09 04:00:00,425.0
2018-01-09 05:00:00,389.0
2018-01-09 06:00:00,355.0
2018-01-09 07:00:00,370.0
2018-01-09 08:00:00,328.0
2018-01-09 09:00:00,313.0
2018-01-09 10:00:00,373.0
2018-01-09 11:00:00,372.0
2018-01-09 12:00:00,322.0
2018-01-09 13:00:00,229.0
2018-01-09 14:00:00,130.0
2018-01-09 15:00:00,131.0
2018-01-09 16:00:00,155.0
2018-01-09 17:00:00,230.0
2018-01-09 18:00:00,295.0
2018-01-09 19:00:00,307.0
2018-01-09 20:00:00,345.0
2018-01-09 21:00:00,377.0
2018-01-09 22:00:00,369.0
2018-01-09 23:00:00,320.0
2018-01-10 00:00:00,368.0
2018-01-10 01:00:00,329.0
2018-01-10 02:00:00,393.0
2018-01-10 03:00:00,401.0
2018-01-10 04:00:00,414.0
2018-01-10 05:00:00,374.0
2018-01-10 06:00:00,332.0
2018-01-10 07:00:00,342.0
2018-01-10 08:00:00,305.0
2018-01-10 09:00:00,298.0
2018-01-10 10:00:00,309.0
2018-01-10 11:00:00,311.0
2018-01-10 12:00:00,312.0
2018-01-10 13:00:00,237.0
2018-01-10 14:00:00,126.0
2018-01-10 15:00:00,134.0
2018-01-10 16:00:00,103.0
2018-01-10 17:00:00,103.0
2018-01-10 18:00:00,134.0
2018-01-10 19:00:00,211.0
2018-01-10 20:00:00,347.0
2018-01-10 21:00:00,390.0
2018-01-10 22:00:00,386.0
2018-01-10 23:00:00,375.0
2018-01-11 00:00:00,363.0
2018-01-11 01:00:00,368.0
2018-01-11 02:00:00,360.0
2018-01-11 03:00:00,340.0
2018-01-11 04:00:00,326.0
2018-01-11 05:00:00,314.0
2018-01-11 06:00:00,279.0
2018-01-11 07:00:00,337.0
2018-01-11 08:00:00,315.0
2018-01-11 09:00:00,241.0
2018-01-11 10:00:00,309.0
2018-01-11 11:00:00,308.0
2018-01-11 12:00:00,278.0
2018-01-11 13:00:00,145.0
2018-01-11 14:00:00,94.0
2018-01-11 15:00:00,117.0
2018-01-11 16:00:00,122.0
2018-01-11 17:00:00,80.0
2018-01-11 18:00:00,73.0
2018-01-11 19:00:00,161.0
2018-01-11 20:00:00,244.0
2018-01-11 21:00:00,260.0
2018-01-11 22:00:00,286.0
2018-01-11 23:00:00,340.0
2018-01-12 00:00:00,347.0
2018-01-12 01:00:00,343.0
2018-01-12 02:00:00,334.0
2018-01-12 03:00:00,340.0
2018-01-12 04:00:00,328.0
2018-01-12 05:00:00,242.0
2018-01-12 06:00:00,256.0
2018-01-12 07:00:00,322.0
2018-01-12 08:00:00,254.0
2018-01-12 09:00:00,223.0
2018-01-12 10:00:00,256.0
2018-01-12 11:00:00,236.0
2018-01-12 12:00:00,280.0
2018-01-12 13:00:00,240.0
2018-01-12 14:00:00,230.0
2018-01-12 15:00:00,139.0
2018-01-12 16:00:00,164.0
2018-01-12 17:00:00,67.0
2018-01-12 18:00:00,151.0
2018-01-12 19:00:00,207.0
2018-01-12 20:00:00,215.0
2018-01-12 21:00:00,317.0
2018-01-12 22:00:00,402.0
2018-01-12 23:00:00,399.0
2018-01-13 00:00:00,384.0
2018-01-13 01:00:00,390.0
2018-01-13 02:00:00,425.0
2018-01-13 03:00:00,392.0
2018-01-13 04:00:00,353.0
2018-01-13 05:00:00,352.0
2018-01-13 06:00:00,355.0
2018-01-13 07:00:00,395.0
2018-01-13 08:00:00,400.0
2018-01-13 09:00:00,381.0
2018-01-13 10:00:00,335.0
2018-01-13 11:00:00,350.0
2018-01-13 12:00:00,318.0
2018-01-13 13:00:00,189.0
2018-01-13 14:00:00,175.0
2018-01-13 15:00:00,124.0
2018-01-13 16:00:00,272.0
2018-01-13 17:00:00,140.0
2018-01-13 18:00:00,97.0
2018-01-13 19:00:00,145.0
2018-01-13 20:00:00,194.0
2018-01-13 21:00:00,316.0
2018-01-13 22:00:00,365.0
2018-01-13 23:00:00,413.0
2018-01-14 00:00:00,405.0
2018-01-14 01:00:00,399.0
2018-01-14 02:00:00,452.0
2018-01-14 03:00:00,433.0
2018-01-14 04:00:00,410.0
2018-01-14 05:00:00,325.0
2018-01-14 06:00:00,166.0
2018-01-14 07:00:00,293.0
2018-01-14 08:00:00,245.0
2018-01-14 09:00:00,261.0
2018-01-14 10:00:00,315.0
2018-01-14 11:00:00,304.0
2018-01-14 12:00:00,188.0
2018-01-14 13:00:00,162.0
2018-01-14 14:00:00,106.0
2018-01-14 15:00:00,104.0
2018-01-14 16:00:00,86.0
2018-01-14 17:00:00,75.0
2018-01-14 18:00:00,87.0
2018-01-14 19:00:00,163.0
2018-01-14 20:00:00,202.0
2018-01-14 21:00:00,303.0
2018-01-14 22:00:00,335.0
2018-01-14 23:00:00,394.0
2018-01-15 00:00:00,401.0
2018-01-15 01:00:00,405.0
2018-01-15 02:00:00,390.0
2018-01-15 03:00:00,347.0
2018-01-15 04:00:00,373.0
2018-01-15 05:00:00,430.0
2018-01-15 06:00:00,359.0
2018-01-15 07:00:00,295.0
2018-01-15 08:00:00,317.0
2018-01-15 09:00:00,330.0
2018-01-15 10:00:00,331.0
2018-01-15 11:00:00,317.0
2018-01-15 12:00:00,159.0
2018-01-15 13:00:00,82.0
2018-01-15 14:00:00,14.0
2018-01-15 15:00:00,30.0
2018-01-15 16:00:00,54.0
2018-01-15 17:00:00,57.0
2018-01-15 18:00:00,230.0
2018-01-15 19:00:00,305.0
2018-01-15 20:00:00,311.0
2018-01-15 21:00:00,266.0
2018-01-15 22:00:00,262.0
2018-01-15 23:00:00,319.0
2018-01-16 00:00:00,352.0
2018-01-16 01:00:00,293.0
2018-01-16 02:00:00,195.0
2018-01-16 03:00:00,226.0
2018-01-16 04:00:00,143.0
2018-01-16 05:00:00,180.0
2018-01-16 06:00:00,259.0
2018-01-16 07:00:00,264.0
2018-01-16 08:00:00,114.0
2018-01-16 09:00:00,94.0
2018-01-16 10:00:00,134.0
2018-01-16 11:00:00,224.0
2018-01-16 12:00:00,265.0
2018-01-16 13:00:00,165.0
2018-01-16 14:00:00,90.0
2018-01-16 15:00:00,101.0
2018-01-16 16:00:00,104.0
2018-01-16 17:00:00,85.0
2018-01-16 18:00:00,98.0
2018-01-16 19:00:00,136.0
2018-01-16 20:00:00,263.0
2018-01-16 21:00:00,307.0
2018-01-16 22:00:00,325.0
2018-01-16 23:00:00,411.0
2018-01-17 00:00:00,389.0
2018-01-17 01:00:00,374.0
2018-01-17 02:00:00,317.0
2018-01-17 03:00:00,367.0
2018-01-17 04:00:00,363.0
2018-01-17 05:00:00,335.0
2018-01-17 06:00:00,393.0
2018-01-17 07:00:00,384.0
2018-01-17 08:00:00,365.0
2018-01-17 09:00:00,349.0
2018-01-17 10:00:00,357.0
2018-01-17 11:00:00,346.0
2018-01-17 12:00:00,368.0
2018-01-17 13:00:00,334.0
2018-01-17 14:00:00,311.0
2018-01-17 15:00:00,310.0
2018-01-17 16:00:00,288.0
2018-01-17 17:00:00,189.0
2018-01-17 18:00:00,308.0
2018-01-17 19:00:00,330.0
2018-01-17 20:00:00,369.0
2018-01-17 21:00:00,378.0
2018-01-17 22:00:00,383.0
2018-01-17 23:00:00,375.0
2018-01-18 00:00:00,389.0
2018-01-18 01:00:00,398.0
2018-01-18 02:00:00,423.0
2018-01-18 03:00:00,419.0
2018-01-18 04:00:00,400.0
2018-01-18 05:00:00,398.0
2018-01-18 06:00:00,380.0
2018-01-18 07:00:00,398.0
2018-01-18 08:00:00,386.0
2018-01-18 09:00:00,368.0
2018-01-18 10:00:00,413.0
2018-01-18 11:00:00,388.0
2018-01-18 12:00:00,313.0
2018-01-18 13:00:00,180.0
2018-01-18 14:00:00,220.0
2018-01-18 15:00:00,198.0
2018-01-18 16:00:00,262.0
2018-01-18 17:00:00,238.0
2018-01-18 18:00:00,317.0
2018-01-18 19:00:00,326.0
2018-01-18 20:00:00,334.0
2018-01-18 21:00:00,382.0
2018-01-18 22:00:00,410.0
2018-01-18 23:00:00,486.0
2018-01-19 00:00:00,478.0
2018-01-19 01:00:00,443.0
2018-01-19 02:00:00,440.0
2018-01-19 03:00:00,412.0
2018-01-19 04:00:00,433.0
2018-01-19 05:00:00,402.0
2018-01-19 06:00:00,409.0
2018-01-19 07:00:00,471.0
2018-01-19 08:00:00,446.0
2018-01-19 09:00:00,413.0
2018-01-19 10:00:00,362.0
2018-01-19 11:00:00,365.0
2018-01-19 12:00:00,351.0
2018-01-19 13:00:00,330.0
2018-01-19 14:00:00,310.0
2018-01-19 15:00:00,321.0
2018-01-19 16:00:00,321.0
2018-01-19 17:00:00,286.0
2018-01-19 18:00:00,267.0
2018-01-19 19:00:00,246.0
2018-01-19 20:00:00,361.0
2018-01-19 21:00:00,418.0
2018-01-19 22:00:00,455.0
2018-01-19 23:00:00,435.0
2018-01-20 00:00:00,415.0
2018-01-20 01:00:00,356.0
2018-01-20 02:00:00,367.0
2018-01-20 03:00:00,416.0
2018-01-20 04:00:00,410.0
2018-01-20 05:00:00,355.0
2018-01-20 06:00:00,382.0
2018-01-20 07:00:00,390.0
2018-01-20 08:00:00,345.0
2018-01-20 09:00:00,327.0
2018-01-20 10:00:00,325.0
2018-01-20 11:00:00,306.0
2018-01-20 12:00:00,150.0
2018-01-20 13:00:00,83.0
2018-01-20 14:00:00,52.0
2018-01-20 15:00:00,59.0
2018-01-20 16:00:00,70.0
2018-01-20 17:00:00,69.0
2018-01-20 18:00:00,83.0
2018-01-20 19:00:00,126.0
2018-01-20 20:00:00,175.0
2018-01-20 21:00:00,311.0
2018-01-20 22:00:00,338.0
2018-01-20 23:00:00,339.0
2018-01-21 00:00:00,352.0
2018-01-21 01:00:00,331.0
2018-01-21 02:00:00,375.0
2018-01-21 03:00:00,351.0
2018-01-21 04:00:00,330.0
2018-01-21 05:00:00,328.0
2018-01-21 06:00:00,327.0
2018-01-21 07:00:00,339.0
2018-01-21 08:00:00,332.0
2018-01-21 09:00:00,322.0
2018-01-21 10:00:00,329.0
2018-01-21 11:00:00,329.0
2018-01-21 12:00:00,241.0
2018-01-21 13:00:00,126.0
2018-01-21 14:00:00,82.0
2018-01-21 15:00:00,62.0
2018-01-21 16:00:00,78.0
2018-01-21 17:00:00,56.0
2018-01-21 18:00:00,61.0
2018-01-21 19:00:00,85.0
2018-01-21 20:00:00,143.0
2018-01-21 21:00:00,267.0
2018-01-21 22:00:00,309.0
2018-01-21 23:00:00,353.0
2018-01-22 00:00:00,362.0
2018-01-22 01:00:00,336.0
2018-01-22 02:00:00,328.0
2018-01-22 03:00:00,340.0
2018-01-22 04:00:00,317.0
2018-01-22 05:00:00,291.0
2018-01-22 06:00:00,342.0
2018-01-22 07:00:00,414.0
2018-01-22 08:00:00,397.0
2018-01-22 09:00:00,418.0
2018-01-22 10:00:00,351.0
2018-01-22 11:00:00,147.0
2018-01-22 12:00:00,209.0
2018-01-22 13:00:00,182.0
2018-01-22 14:00:00,216.0
2018-01-22 15:00:00,131.0
2018-01-22 16:00:00,242.0
2018-01-22 17:00:00,295.0
2018-01-22 18:00:00,311.0
2018-01-22 19:00:00,311.0
2018-01-22 20:00:00,350.0
2018-01-22 21:00:00,342.0
2018-01-22 22:00:00,347.0
2018-01-22 23:00:00,339.0
2018-01-23 00:00:00,325.0
2018-01-23 01:00:00,313.0
2018-01-23 02:00:00,315.0
2018-01-23 03:00:00,318.0
2018-01-23 04:00:00,325.0
2018-01-23 05:00:00,332.0
2018-01-23 06:00:00,323.0
2018-01-23 07:00:00,316.0
2018-01-23 08:00:00,306.0
2018-01-23 09:00:00,315.0
2018-01-23 10:00:00,321.0
2018-01-23 11:00:00,305.0
2018-01-23 12:00:00,300.0
2018-01-23 13:00:00,221.23479916710238
2018-01-23 14:00:00,198.14699834956346
2018-01-23 15:00:00,140.77903210343038
2018-01-23 16:00:00,188.4953858634204
2018-01-23 17:00:00,198.51824339623656
2018-01-23 18:00:00,204.54294289260073
2018-01-23 19:00:00,217.5212748758683
2018-01-23 20:00:00,260.43133811877664
2018-01-23 21:00:00,323.39148723859415
2018-01-23 22:00:00,341.896145451144
2018-01-23 23:00:00,348.3989258942866
2018-01-24 00:00:00,346.4653793583783
2018-01-24 01:00:00,327.3044769257815
2018-01-24 02:00:00,337.20625634624025
2018-01-24 03:00:00,334.7106184523745
2018-01-24 04:00:00,325.73312081527246
2018-01-24 05:00:00,321.19400597199984
2018-01-24 06:00:00,330.0086927154797
2018-01-24 07:00:00,348.89786649902624
2018-01-24 08:00:00,337.69114608976105
2018-01-24 09:00:00,344.6268476673246
2018-01-24 10:00:00,331.4280654911591
2018-01-24 11:00:00,269.7762423715227
2018-01-24 12:00:00,260.1040274637043
2018-01-24 13:00:00,185.25700043719127
2018-01-24 14:00:00,171.64521286531112
2018-01-24 15:00:00,117.00353932066915
2018-01-24 16:00:00,172.93779375982672
2018-01-24 17:00:00,185.71054429532913
2018-01-24 18:00:00,194.09517206522605
2018-01-24 19:00:00,206.59485734768757
2018-01-24 20:00:00,252.53310706104654
2018-01-24 21:00:00,313.12785822837066
2018-01-24 22:00:00,334.38531481834326
2018-01-24 23:00:00,347.15576116052375
2018-01-25 00:00:00,344.9680925885074
2018-01-25 01:00:00,325.86031686587444
2018-01-25 02:00:00,328.83208095157823
2018-01-25 03:00:00,331.7062072727889
2018-01-25 04:00:00,323.1841815414516
2018-01-25 05:00:00,315.9151925799239
2018-01-25 06:00:00,331.386244112843
2018-01-25 07:00:00,357.73740416265724
2018-01-25 08:00:00,345.2871819085152
2018-01-25 09:00:00,356.5663117736732
2018-01-25 10:00:00,333.9429566158298
2018-01-25 11:00:00,245.99025878431462
2018-01-25 12:00:00,256.9012515513387
2018-01-25 13:00:00,193.9273664950653
2018-01-25 14:00:00,190.65010141452532
2018-01-25 15:00:00,127.09154053406944
2018-01-25 16:00:00,195.70597247145648
2018-01-25 17:00:00,218.60553522032723
2018-01-25 18:00:00,228.41904747762845
2018-01-25 19:00:00,237.67228932789274
2018-01-25 20:00:00,280.93426826415254
2018-01-25 21:00:00,323.64417571393693
2018-01-25 22:00:00,339.7833504146494
2018-01-25 23:00:00,345.28462292134583
2018-01-26 00:00:00,339.97643492643743
2018-01-26 01:00:00,322.7728332791626
2018-01-26 02:00:00,327.3216796099308
2018-01-26 03:00:00,328.80454524252923
2018-01-26 04:00:00,324.35078054294365
2018-01-26 05:00:00,321.65732495052356
2018-01-26 06:00:00,328.7573037344877
2018-01-26 07:00:00,344.12696225353324
2018-01-26 08:00:00,332.6680636656801
2018-01-26 09:00:00,342.17926897258155
2018-01-26 10:00:00,329.78235884890955
2018-01-26 11:00:00,268.229288547092
2018-01-26 12:00:00,269.3830054187565
2018-01-26 13:00:00,198.99594876646378
2018-01-26 14:00:00,187.62916412616775
2018-01-26 15:00:00,128.1080475394525
2018-01-26 16:00:00,187.7168709358306
2018-01-26 17:00:00,204.45337687065825
2018-01-26 18:00:00,212.86509643651183
2018-01-26 19:00:00,223.98534542988628
2018-01-26 20:00:00,267.86267733272336
2018-01-26 21:00:00,320.7847626433001
2018-01-26 22:00:00,338.9208268724944
2018-01-26 23:00:00,346.62175789508865
2018-01-27 00:00:00,343.052573973547
2018-01-27 01:00:00,324.8153259270433
2018-01-27 02:00:00,330.390259921548
2018-01-27 03:00:00,331.1686546631086
2018-01-27 04:00:00,324.41421664688534
2018-01-27 05:00:00,320.00821901912957
2018-01-27 06:00:00,329.7928013269885
2018-01-27 07:00:00,349.0270066280406
2018-01-27 08:00:00,337.37305218318335
2018-01-27 09:00:00,346.6584076104275
2018-01-27 10:00:00,331.33080555442814
2018-01-27 11:00:00,186.0
2018-01-27 12:00:00,344.0
2018-01-27 13:00:00,350.0
2018-01-27 14:00:00,362.0
2018-01-27 15:00:00,380.0
2018-01-27 16:00:00,322.0
2018-01-27 17:00:00,169.0
2018-01-27 18:00:00,225.0
2018-01-27 19:00:00,320.0
2018-01-27 20:00:00,308.0
2018-01-27 21:00:00,301.0
2018-01-27 22:00:00,322.0
2018-01-27 23:00:00,403.0
2018-01-28 00:00:00,395.0
2018-01-28 01:00:00,419.0
2018-01-28 02:00:00,432.0
2018-01-28 03:00:00,406.0
2018-01-28 04:00:00,326.0
2018-01-28 05:00:00,173.0
2018-01-28 06:00:00,147.0
2018-01-28 07:00:00,192.0
2018-01-28 08:00:00,100.0
2018-01-28 09:00:00,77.0
2018-01-28 10:00:00,91.0
2018-01-28 11:00:00,168.0
2018-01-28 12:00:00,309.0
2018-01-28 13:00:00,326.0
2018-01-28 14:00:00,310.0
2018-01-28 15:00:00,223.0
2018-01-28 16:00:00,196.0
2018-01-28 17:00:00,89.0
2018-01-28 18:00:00,82.0
2018-01-28 19:00:00,193.0
2018-01-28 20:00:00,301.0
2018-01-28 21:00:00,328.0
2018-01-28 22:00:00,365.0
2018-01-28 23:00:00,406.0
2018-01-29 00:00:00,405.0
2018-01-29 01:00:00,386.0
2018-01-29 02:00:00,381.0
2018-01-29 03:00:00,357.0
2018-01-29 04:00:00,346.0
2018-01-29 05:00:00,379.0
2018-01-29 06:00:00,373.0
2018-01-29 07:00:00,394.0
2018-01-29 08:00:00,222.0
2018-01-29 09:00:00,99.0
2018-01-29 10:00:00,83.0
2018-01-29 11:00:00,113.0
2018-01-29 12:00:00,223.0
2018-01-29 13:00:00,219.0
2018-01-29 14:00:00,149.0
2018-01-29 15:00:00,134.0
2018-01-29 16:00:00,151.0
2018-01-29 17:00:00,70.0
2018-01-29 18:00:00,68.0
2018-01-29 19:00:00,74.0
2018-01-29 20:00:00,151.0
2018-01-29 21:00:00,311.0
2018-01-29 22:00:00,318.0
2018-01-29 23:00:00,356.0
2018-01-30 00:00:00,338.0
2018-01-30 01:00:00,310.0
2018-01-30 02:00:00,329.410940787902
2018-01-30 03:00:00,330.6399519033697
2018-01-30 04:00:00,358.0
2018-01-30 05:00:00,345.0
2018-01-30 06:00:00,371.0
2018-01-30 07:00:00,385.0
2018-01-30 08:00:00,358.0
2018-01-30 09:00:00,307.0
2018-01-30 10:00:00,147.0
2018-01-30 11:00:00,92.0
2018-01-30 12:00:00,93.0
2018-01-30 13:00:00,73.0
2018-01-30 14:00:00,42.0
2018-01-30 15:00:00,58.0
2018-01-30 16:00:00,55.0
2018-01-30 17:00:00,51.0
2018-01-30 18:00:00,66.0
2018-01-30 19:00:00,95.0
2018-01-30 20:00:00,184.0
2018-01-30 21:00:00,190.0
2018-01-30 22:00:00,115.0
2018-01-30 23:00:00,153.0
2018-01-31 00:00:00,188.0
2018-01-31 01:00:00,223.0
2018-01-31 02:00:00,283.0
2018-01-31 03:00:00,332.0
2018-01-31 04:00:00,332.0
2018-01-31 05:00:00,304.0
2018-01-31 06:00:00,341.0
2018-01-31 07:00:00,344.0
2018-01-31 08:00:00,315.0
2018-01-31 09:00:00,310.0
2018-01-31 10:00:00,298.0
2018-01-31 11:00:00,290.0
2018-01-31 12:00:00,154.0
2018-01-31 13:00:00,95.0
2018-01-31 14:00:00,86.0
2018-01-31 15:00:00,81.0
2018-01-31 16:00:00,102.0
2018-01-31 17:00:00,88.0
2018-01-31 18:00:00,102.0
2018-01-31 19:00:00,162.0
2018-01-31 20:00:00,279.0
2018-01-31 21:00:00,315.0
2018-01-31 22:00:00,367.0
2018-01-31 23:00:00,372.0
2018-02-01 00:00:00,385.0
2018-02-01 01:00:00,316.0
2018-02-01 02:00:00,266.0
2018-02-01 03:00:00,89.0
2018-02-01 04:00:00,185.0
2018-02-01 05:00:00,93.0
2018-02-01 06:00:00,153.0
2018-02-01 07:00:00,304.0
2018-02-01 08:00:00,210.0
2018-02-01 09:00:00,233.0
2018-02-01 10:00:00,341.0
2018-02-01 11:00:00,328.0
2018-02-01 12:00:00,245.0
2018-02-01 13:00:00,130.0
2018-02-01 14:00:00,69.0
2018-02-01 15:00:00,67.0
2018-02-01 16:00:00,59.0
2018-02-01 17:00:00,83.0
2018-02-01 18:00:00,80.0
2018-02-01 19:00:00,114.0
2018-02-01 20:00:00,135.0
2018-02-01 21:00:00,199.0
2018-02-01 22:00:00,326.0
2018-02-01 23:00:00,383.0
2018-02-02 00:00:00,363.0
2018-02-02 01:00:00,292.0
2018-02-02 02:00:00,234.0
2018-02-02 03:00:00,182.0
2018-02-02 04:00:00,318.0
2018-02-02 05:00:00,320.0
2018-02-02 06:00:00,328.0
2018-02-02 07:00:00,355.0
2018-02-02 08:00:00,374.0
2018-02-02 09:00:00,368.0
2018-02-02 10:00:00,383.0
2018-02-02 11:00:00,264.0
2018-02-02 12:00:00,16.0
2018-02-02 13:00:00,20.0
2018-02-02 14:00:00,8.0
2018-02-02 15:00:00,5.0
2018-02-02 16:00:00,46.0
2018-02-02 17:00:00,49.0
2018-02-02 18:00:00,71.0
2018-02-02 19:00:00,77.0
2018-02-02 20:00:00,98.0
2018-02-02 21:00:00,189.0
2018-02-02 22:00:00,314.0
2018-02-02 23:00:00,307.0
2018-02-03 00:00:00,284.0
2018-02-03 01:00:00,171.0
2018-02-03 02:00:00,248.0
2018-02-03 03:00:00,128.0
2018-02-03 04:00:00,149.0
2018-02-03 05:00:00,175.0
2018-02-03 06:00:00,190.0
2018-02-03 07:00:00,312.0
2018-02-03 08:00:00,323.0
2018-02-03 09:00:00,327.0
2018-02-03 10:00:00,350.0
2018-02-03 11:00:00,326.0
2018-02-03 12:00:00,233.0
2018-02-03 13:00:00,27.0
2018-02-03 14:00:00,20.0
2018-02-03 15:00:00,22.0
2018-02-03 16:00:00,53.0
2018-02-03 17:00:00,52.0
2018-02-03 18:00:00,40.0
2018-02-03 19:00:00,43.0
2018-02-03 20:00:00,61.0
2018-02-03 21:00:00,179.0
2018-02-03 22:00:00,218.0
2018-02-03 23:00:00,318.0
2018-02-04 00:00:00,329.0
2018-02-04 01:00:00,301.0
2018-02-04 02:00:00,198.0
2018-02-04 03:00:00,279.0
2018-02-04 04:00:00,271.0
2018-02-04 05:00:00,302.0
2018-02-04 06:00:00,308.0
2018-02-04 07:00:00,384.0
2018-02-04 08:00:00,346.0
2018-02-04 09:00:00,303.0
2018-02-04 10:00:00,340.0
2018-02-04 11:00:00,323.0
2018-02-04 12:00:00,145.0
2018-02-04 13:00:00,4.0
2018-02-04 14:00:00,13.0
2018-02-04 15:00:00,36.0
2018-02-04 16:00:00,49.0
2018-02-04 17:00:00,33.0
2018-02-04 18:00:00,36.0
2018-02-04 19:00:00,59.0
2018-02-04 20:00:00,100.0
2018-02-04 21:00:00,233.0
2018-02-04 22:00:00,327.0
2018-02-04 23:00:00,321.0
2018-02-05 00:00:00,312.0
2018-02-05 01:00:00,214.0
2018-02-05 02:00:00,320.0
2018-02-05 03:00:00,330.0
2018-02-05 04:00:00,337.0
2018-02-05 05:00:00,312.0
2018-02-05 06:00:00,315.0
2018-02-05 07:00:00,366.0
2018-02-05 08:00:00,337.0
2018-02-05 09:00:00,341.0
2018-02-05 10:00:00,317.0
2018-02-05 11:00:00,304.0
2018-02-05 12:00:00,219.0
2018-02-05 13:00:00,90.0
2018-02-05 14:00:00,52.0
2018-02-05 15:00:00,24.0
2018-02-05 16:00:00,49.0
2018-02-05 17:00:00,7.0
2018-02-05 18:00:00,37.0
2018-02-05 19:00:00,60.0
2018-02-05 20:00:00,141.0
2018-02-05 21:00:00,316.0
2018-02-05 22:00:00,322.0
2018-02-05 23:00:00,347.0
2018-02-06 00:00:00,324.0
2018-02-06 01:00:00,324.0
2018-02-06 02:00:00,326.0
2018-02-06 03:00:00,334.0
2018-02-06 04:00:00,332.0
2018-02-06 05:00:00,343.0
2018-02-06 06:00:00,201.0
2018-02-06 07:00:00,345.0
2018-02-06 08:00:00,327.0
2018-02-06 09:00:00,302.0
2018-02-06 10:00:00,305.0
2018-02-06 11:00:00,171.0
2018-02-06 12:00:00,80.0
2018-02-06 13:00:00,114.0
2018-02-06 14:00:00,78.0
2018-02-06 15:00:00,53.0
2018-02-06 16:00:00,36.0
2018-02-06 17:00:00,30.0
2018-02-06 18:00:00,67.0
2018-02-06 19:00:00,94.0
2018-02-06 20:00:00,125.0
2018-02-06 21:00:00,97.0
2018-02-06 22:00:00,152.0
2018-02-06 23:00:00,171.0
2018-02-07 00:00:00,311.0
2018-02-07 01:00:00,363.0
2018-02-07 02:00:00,359.0
2018-02-07 03:00:00,324.0
2018-02-07 04:00:00,272.0
2018-02-07 05:00:00,189.0
2018-02-07 06:00:00,241.0
2018-02-07 07:00:00,332.0
2018-02-07 08:00:00,316.0
2018-02-07 09:00:00,271.0
2018-02-07 10:00:00,258.0
2018-02-07 11:00:00,248.0
2018-02-07 12:00:00,142.0
2018-02-07 13:00:00,82.0
2018-02-07 14:00:00,68.0
2018-02-07 15:00:00,47.0
2018-02-07 16:00:00,76.0
2018-02-07 17:00:00,57.0
2018-02-07 18:00:00,59.0
2018-02-07 19:00:00,87.0
2018-02-07 20:00:00,84.0
2018-02-07 21:00:00,147.0
2018-02-07 22:00:00,232.0
2018-02-07 23:00:00,335.0
2018-02-08 00:00:00,341.0
2018-02-08 01:00:00,351.0
2018-02-08 02:00:00,353.0
2018-02-08 03:00:00,357.0
2018-02-08 04:00:00,354.0
2018-02-08 05:00:00,330.0
2018-02-08 06:00:00,365.0
2018-02-08 07:00:00,401.0
2018-02-08 08:00:00,351.0
2018-02-08 09:00:00,353.0
2018-02-08 10:00:00,359.0
2018-02-08 11:00:00,346.0
2018-02-08 12:00:00,267.0
2018-02-08 13:00:00,117.0
2018-02-08 14:00:00,70.0
2018-02-08 15:00:00,47.0
2018-02-08 16:00:00,47.0
2018-02-08 17:00:00,38.0
2018-02-08 18:00:00,77.0
2018-02-08 19:00:00,143.0
2018-02-08 20:00:00,171.0
2018-02-08 21:00:00,225.0
2018-02-08 22:00:00,312.0
2018-02-08 23:00:00,331.0
2018-02-09 00:00:00,326.0
2018-02-09 01:00:00,330.0
2018-02-09 02:00:00,337.0
2018-02-09 03:00:00,333.0
2018-02-09 04:00:00,366.0
2018-02-09 05:00:00,372.0
2018-02-09 06:00:00,396.0
2018-02-09 07:00:00,360.0
2018-02-09 08:00:00,364.0
2018-02-09 09:00:00,338.0
2018-02-09 10:00:00,344.0
2018-02-09 11:00:00,346.0
2018-02-09 12:00:00,318.0
2018-02-09 13:00:00,56.0
2018-02-09 14:00:00,95.0
2018-02-09 15:00:00,77.0
2018-02-09 16:00:00,66.0
2018-02-09 17:00:00,66.0
2018-02-09 18:00:00,70.0
2018-02-09 19:00:00,105.0
2018-02-09 20:00:00,180.0
2018-02-09 21:00:00,295.0
2018-02-09 22:00:00,350.0
2018-02-09 23:00:00,360.0
2018-02-10 00:00:00,321.0
2018-02-10 01:00:00,307.0
2018-02-10 02:00:00,310.0
2018-02-10 03:00:00,316.0
2018-02-10 04:00:00,337.0
2018-02-10 05:00:00,361.0
2018-02-10 06:00:00,384.0
2018-02-10 07:00:00,405.0
2018-02-10 08:00:00,390.0
2018-02-10 09:00:00,368.0
2018-02-10 10:00:00,354.0
2018-02-10 11:00:00,306.0
2018-02-10 12:00:00,210.0
2018-02-10 13:00:00,117.0
2018-02-10 14:00:00,153.0
2018-02-10 15:00:00,150.0
2018-02-10 16:00:00,135.0
2018-02-10 17:00:00,237.0
2018-02-10 18:00:00,105.0
2018-02-10 19:00:00,225.44387783022404
2018-02-10 20:00:00,269.44685405133265
2018-02-10 21:00:00,310.0
2018-02-10 22:00:00,321.0
2018-02-10 23:00:00,313.0
2018-02-11 00:00:00,277.0
2018-02-11 01:00:00,289.0
2018-02-11 02:00:00,303.0
2018-02-11 03:00:00,311.0
2018-02-11 04:00:00,336.0
2018-02-11 05:00:00,307.0
2018-02-11 06:00:00,213.0
2018-02-11 07:00:00,200.0
2018-02-11 08:00:00,302.0
2018-02-11 09:00:00,298.0
2018-02-11 10:00:00,163.0
2018-02-11 11:00:00,89.0
2018-02-11 12:00:00,132.0
2018-02-11 13:00:00,95.0
2018-02-11 14:00:00,119.0
2018-02-11 15:00:00,94.0
2018-02-11 16:00:00,74.0
2018-02-11 17:00:00,47.0
2018-02-11 18:00:00,56.0
2018-02-11 19:00:00,76.0
2018-02-11 20:00:00,269.44693713718675
2018-02-11 21:00:00,320.48788815339276
2018-02-11 22:00:00,338.49848538454273
2018-02-11 23:00:00,346.30508783405764
2018-02-12 00:00:00,342.42677772535916
2018-02-12 01:00:00,324.3658899233116
2018-02-12 02:00:00,329.2473471932615
2018-02-12 03:00:00,67.0
2018-02-12 04:00:00,51.0
2018-02-12 05:00:00,50.0
2018-02-12 06:00:00,105.0
2018-02-12 07:00:00,137.0
2018-02-12 08:00:00,113.0
2018-02-12 09:00:00,88.0
2018-02-12 10:00:00,87.0
2018-02-12 11:00:00,80.0
2018-02-12 12:00:00,90.0
2018-02-12 13:00:00,148.0
2018-02-12 14:00:00,125.0
2018-02-12 15:00:00,114.0
2018-02-12 16:00:00,84.0
2018-02-12 17:00:00,77.0
2018-02-12 18:00:00,64.0
2018-02-12 19:00:00,73.0
2018-02-12 20:00:00,88.0
2018-02-12 21:00:00,61.0
2018-02-12 22:00:00,58.0
2018-02-12 23:00:00,63.0
2018-02-13 00:00:00,69.0
2018-02-13 01:00:00,81.0
2018-02-13 02:00:00,77.0
2018-02-13 03:00:00,71.0
2018-02-13 04:00:00,71.0
2018-02-13 05:00:00,74.0
2018-02-13 06:00:00,105.0
2018-02-13 07:00:00,151.0
2018-02-13 08:00:00,226.0
2018-02-13 09:00:00,136.0
2018-02-13 10:00:00,92.0
2018-02-13 11:00:00,79.0
2018-02-13 12:00:00,98.0
2018-02-13 13:00:00,132.0
2018-02-13 14:00:00,204.5
2018-02-13 15:00:00,277.0
2018-02-13 16:00:00,176.0
2018-02-13 17:00:00,149.0
2018-02-13 18:00:00,117.0
2018-02-13 19:00:00,143.0
2018-02-13 20:00:00,169.0
2018-02-13 21:00:00,170.0
2018-02-13 22:00:00,136.0
2018-02-13 23:00:00,114.0
2018-02-14 00:00:00,93.0
2018-02-14 01:00:00,88.0
2018-02-14 02:00:00,88.0
2018-02-14 03:00:00,113.0
2018-02-14 04:00:00,71.0
2018-02-14 05:00:00,44.0
2018-02-14 06:00:00,95.0
2018-02-14 07:00:00,247.0
2018-02-14 08:00:00,313.0
2018-02-14 09:00:00,293.0
2018-02-14 10:00:00,295.0
2018-02-14 11:00:00,196.0
2018-02-14 12:00:00,11.0
2018-02-14 13:00:00,8.0
2018-02-14 14:00:00,5.0
2018-02-14 15:00:00,27.0
2018-02-14 16:00:00,24.0
2018-02-14 17:00:00,18.0
2018-02-14 18:00:00,44.0
2018-02-14 19:00:00,61.0
2018-02-14 20:00:00,69.0
2018-02-14 21:00:00,68.0
2018-02-14 22:00:00,96.0
2018-02-14 23:00:00,93.0
2018-02-15 00:00:00,208.0
2018-02-15 01:00:00,198.0
2018-02-15 02:00:00,136.0
2018-02-15 03:00:00,192.0
2018-02-15 04:00:00,213.0
2018-02-15 05:00:00,313.0
2018-02-15 06:00:00,314.0
2018-02-15 07:00:00,335.0
2018-02-15 08:00:00,311.0
2018-02-15 09:00:00,302.0
2018-02-15 10:00:00,256.0
2018-02-15 11:00:00,48.0
2018-02-15 12:00:00,63.0
2018-02-15 13:00:00,78.0
2018-02-15 14:00:00,93.0
2018-02-15 15:00:00,89.0
2018-02-15 16:00:00,78.0
2018-02-15 17:00:00,71.0
2018-02-15 18:00:00,63.0
2018-02-15 19:00:00,75.0
2018-02-15 20:00:00,87.0
2018-02-15 21:00:00,83.0
2018-02-15 22:00:00,163.0
2018-02-15 23:00:00,182.0
2018-02-16 00:00:00,177.0
2018-02-16 01:00:00,206.0
2018-02-16 02:00:00,278.0
2018-02-16 03:00:00,242.0
2018-02-16 04:00:00,308.0
2018-02-16 05:00:00,308.0
2018-02-16 06:00:00,320.0
2018-02-16 07:00:00,344.0
2018-02-16 08:00:00,335.0
2018-02-16 09:00:00,248.0
2018-02-16 10:00:00,28.0
2018-02-16 11:00:00,44.0
2018-02-16 12:00:00,63.0
2018-02-16 13:00:00,93.0
2018-02-16 14:00:00,108.0
2018-02-16 15:00:00,117.0
2018-02-16 16:00:00,74.0
2018-02-16 17:00:00,94.0
2018-02-16 18:00:00,98.0
2018-02-16 19:00:00,118.0
2018-02-16 20:00:00,131.0
2018-02-16 21:00:00,192.0
2018-02-16 22:00:00,274.0
2018-02-16 23:00:00,247.0
2018-02-17 00:00:00,209.0
2018-02-17 01:00:00,234.0
2018-02-17 02:00:00,325.0
2018-02-17 03:00:00,334.0
2018-02-17 04:00:00,301.0
2018-02-17 05:00:00,241.0
2018-02-17 06:00:00,180.0
2018-02-17 07:00:00,244.0
2018-02-17 08:00:00,170.0
2018-02-17 09:00:00,106.0
2018-02-17 10:00:00,115.0
2018-02-17 11:00:00,134.0
2018-02-17 12:00:00,196.0
2018-02-17 13:00:00,118.0
2018-02-17 14:00:00,95.0
2018-02-17 15:00:00,87.0
2018-02-17 16:00:00,70.0
2018-02-17 17:00:00,65.0
2018-02-17 18:00:00,100.0
2018-02-17 19:00:00,126.0
2018-02-17 20:00:00,107.0
2018-02-17 21:00:00,150.0
2018-02-17 22:00:00,228.0
2018-02-17 23:00:00,257.0
2018-02-18 00:00:00,226.0
2018-02-18 01:00:00,282.0
2018-02-18 02:00:00,323.0
2018-02-18 03:00:00,384.0
2018-02-18 04:00:00,363.0
2018-02-18 05:00:00,360.5
2018-02-18 06:00:00,358.0
2018-02-18 07:00:00,181.5
2018-02-18 08:00:00,5.0
2018-02-18 09:00:00,29.0
2018-02-18 10:00:00,184.0
2018-02-18 11:00:00,306.0
2018-02-18 12:00:00,149.0
2018-02-18 13:00:00,16.0
2018-02-18 14:00:00,45.0
2018-02-18 15:00:00,77.0
2018-02-18 16:00:00,94.0
2018-02-18 17:00:00,26.0
2018-02-18 18:00:00,28.0
2018-02-18 19:00:00,76.0
2018-02-18 20:00:00,95.0
2018-02-18 21:00:00,137.0
2018-02-18 22:00:00,194.0
2018-02-18 23:00:00,235.0
2018-02-19 00:00:00,239.0
2018-02-19 01:00:00,314.0
2018-02-19 02:00:00,382.0
2018-02-19 03:00:00,362.0
2018-02-19 04:00:00,346.0
2018-02-19 05:00:00,334.0
2018-02-19 06:00:00,332.0
2018-02-19 07:00:00,385.0
2018-02-19 08:00:00,337.0
2018-02-19 09:00:00,306.0
2018-02-19 10:00:00,217.0
2018-02-19 11:00:00,139.0
2018-02-19 12:00:00,49.0
2018-02-19 13:00:00,59.0
2018-02-19 14:00:00,80.0
2018-02-19 15:00:00,74.0
2018-02-19 16:00:00,89.6
2018-02-19 17:00:00,105.2
2018-02-19 18:00:00,120.8
2018-02-19 19:00:00,136.4
2018-02-19 20:00:00,152.0
2018-02-19 21:00:00,189.0
2018-02-19 22:00:00,289.0
2018-02-19 23:00:00,314.0
2018-02-20 00:00:00,358.0
2018-02-20 01:00:00,366.0
2018-02-20 02:00:00,365.0
2018-02-20 03:00:00,340.0
2018-02-20 04:00:00,373.0
2018-02-20 05:00:00,360.0
2018-02-20 06:00:00,348.0
2018-02-20 07:00:00,333.0
2018-02-20 08:00:00,240.0
2018-02-20 09:00:00,211.0
2018-02-20 10:00:00,293.0
2018-02-20 11:00:00,163.0
2018-02-20 12:00:00,90.0
2018-02-20 13:00:00,104.0
2018-02-20 14:00:00,127.0
2018-02-20 15:00:00,94.0
2018-02-20 16:00:00,71.0
2018-02-20 17:00:00,46.0
2018-02-20 18:00:00,58.0
2018-02-20 19:00:00,79.0
2018-02-20 20:00:00,137.0
2018-02-20 21:00:00,147.0
2018-02-20 22:00:00,171.0
2018-02-20 23:00:00,284.0
2018-02-21 00:00:00,343.0
2018-02-21 01:00:00,371.0
2018-02-21 02:00:00,345.0
2018-02-21 03:00:00,323.0
2018-02-21 04:00:00,321.0
2018-02-21 05:00:00,334.0
2018-02-21 06:00:00,338.0
2018-02-21 07:00:00,377.0
2018-02-21 08:00:00,335.0
2018-02-21 09:00:00,303.0
2018-02-21 10:00:00,249.0
2018-02-21 11:00:00,168.0
2018-02-21 12:00:00,132.0
2018-02-21 13:00:00,65.0
2018-02-21 14:00:00,54.0
2018-02-21 15:00:00,121.0
2018-02-21 16:00:00,127.0
2018-02-21 17:00:00,110.0
2018-02-21 18:00:00,93.0
2018-02-21 19:00:00,94.0
2018-02-21 20:00:00,163.0
2018-02-21 21:00:00,327.0
2018-02-21 22:00:00,327.0
2018-02-21 23:00:00,329.0
2018-02-22 00:00:00,318.0
2018-02-22 01:00:00,319.0
2018-02-22 02:00:00,297.0
2018-02-22 03:00:00,330.0
2018-02-22 04:00:00,372.0
2018-02-22 05:00:00,414.0
2018-02-22 06:00:00,402.0
2018-02-22 07:00:00,369.0
2018-02-22 08:00:00,357.0
2018-02-22 09:00:00,404.0
2018-02-22 10:00:00,387.0
2018-02-22 11:00:00,273.0
2018-02-22 12:00:00,66.0
2018-02-22 13:00:00,32.0
2018-02-22 14:00:00,40.0
2018-02-22 15:00:00,40.0
2018-02-22 16:00:00,36.0
2018-02-22 17:00:00,53.0
2018-02-22 18:00:00,88.0
2018-02-22 19:00:00,83.0
2018-02-22 20:00:00,128.0
2018-02-22 21:00:00,218.0
2018-02-22 22:00:00,205.0
2018-02-22 23:00:00,137.0
2018-02-23 00:00:00,196.0
2018-02-23 01:00:00,223.0
2018-02-23 02:00:00,239.0
2018-02-23 03:00:00,267.0
2018-02-23 04:00:00,150.0
2018-02-23 05:00:00,222.0
2018-02-23 06:00:00,240.0
2018-02-23 07:00:00,316.0
2018-02-23 08:00:00,318.0
2018-02-23 09:00:00,342.0
2018-02-23 10:00:00,337.0
2018-02-23 11:00:00,301.0
2018-02-23 12:00:00,175.0
2018-02-23 13:00:00,208.0
2018-02-23 14:00:00,258.0
2018-02-23 15:00:00,202.0
2018-02-23 16:00:00,171.0
2018-02-23 17:00:00,151.0
2018-02-23 18:00:00,112.0
2018-02-23 19:00:00,149.0
2018-02-23 20:00:00,175.0
2018-02-23 21:00:00,206.0
2018-02-23 22:00:00,244.0
2018-02-23 23:00:00,315.0
2018-02-24 00:00:00,312.0
2018-02-24 01:00:00,315.0
2018-02-24 02:00:00,308.0
2018-02-24 03:00:00,312.0
2018-02-24 04:00:00,305.0
2018-02-24 05:00:00,309.0
2018-02-24 06:00:00,322.0
2018-02-24 07:00:00,351.0
2018-02-24 08:00:00,344.0
2018-02-24 09:00:00,328.0
2018-02-24 10:00:00,236.0
2018-02-24 11:00:00,128.0
2018-02-24 12:00:00,90.0
2018-02-24 13:00:00,132.0
2018-02-24 14:00:00,143.0
2018-02-24 15:00:00,100.0
2018-02-24 16:00:00,156.0
2018-02-24 17:00:00,187.0
2018-02-24 18:00:00,131.0
2018-02-24 19:00:00,261.0
2018-02-24 20:00:00,288.0
2018-02-24 21:00:00,307.0
2018-02-24 22:00:00,312.0
2018-02-24 23:00:00,316.0
2018-02-25 00:00:00,316.0
2018-02-25 01:00:00,325.0
2018-02-25 02:00:00,326.0
2018-02-25 03:00:00,359.0
2018-02-25 04:00:00,346.0
2018-02-25 05:00:00,342.0
2018-02-25 06:00:00,320.0
2018-02-25 07:00:00,333.0
2018-02-25 08:00:00,193.0
2018-02-25 09:00:00,91.0
2018-02-25 10:00:00,148.0
2018-02-25 11:00:00,253.0
2018-02-25 12:00:00,169.0
2018-02-25 13:00:00,153.0
2018-02-25 14:00:00,110.0
2018-02-25 15:00:00,101.0
2018-02-25 16:00:00,108.0
2018-02-25 17:00:00,66.0
2018-02-25 18:00:00,64.0
2018-02-25 19:00:00,62.0
2018-02-25 20:00:00,63.0
2018-02-25 21:00:00,74.0
2018-02-25 22:00:00,86.0
2018-02-25 23:00:00,83.0
2018-02-26 00:00:00,71.0
2018-02-26 01:00:00,73.0
2018-02-26 02:00:00,59.0
2018-02-26 03:00:00,50.0
2018-02-26 04:00:00,86.0
2018-02-26 05:00:00,250.0
2018-02-26 06:00:00,309.0
2018-02-26 07:00:00,271.0
2018-02-26 08:00:00,162.0
2018-02-26 09:00:00,173.0
2018-02-26 10:00:00,220.0
2018-02-26 11:00:00,29.0
2018-02-26 12:00:00,2.0
2018-02-26 13:00:00,10.0
2018-02-26 14:00:00,43.0
2018-02-26 15:00:00,65.0
2018-02-26 16:00:00,63.0
2018-02-26 17:00:00,47.0
2018-02-26 18:00:00,30.0
2018-02-26 19:00:00,50.0
2018-02-26 20:00:00,40.0
2018-02-26 21:00:00,64.0
2018-02-26 22:00:00,131.0
2018-02-26 23:00:00,96.0
2018-02-27 00:00:00,52.0
2018-02-27 01:00:00,47.0
2018-02-27 02:00:00,72.0
2018-02-27 03:00:00,109.0
2018-02-27 04:00:00,197.0
2018-02-27 05:00:00,114.0
2018-02-27 06:00:00,42.0
2018-02-27 07:00:00,121.0
2018-02-27 08:00:00,162.0
2018-02-27 09:00:00,285.0
2018-02-27 10:00:00,162.0
2018-02-27 11:00:00,58.0
2018-02-27 12:00:00,28.0
2018-02-27 13:00:00,59.0
2018-02-27 14:00:00,56.0
2018-02-27 15:00:00,77.0
2018-02-27 16:00:00,82.0
2018-02-27 17:00:00,75.0
2018-02-27 18:00:00,91.0
2018-02-27 19:00:00,72.0
2018-02-27 20:00:00,84.0
2018-02-27 21:00:00,108.0
2018-02-27 22:00:00,188.0
2018-02-27 23:00:00,261.0
2018-02-28 00:00:00,270.0
2018-02-28 01:00:00,235.0
2018-02-28 02:00:00,317.0
2018-02-28 03:00:00,347.0
2018-02-28 04:00:00,362.0
2018-02-28 05:00:00,344.0
2018-02-28 06:00:00,355.0
2018-02-28 07:00:00,356.0
2018-02-28 08:00:00,349.0
2018-02-28 09:00:00,284.0
2018-02-28 10:00:00,208.0
2018-02-28 11:00:00,78.0
2018-02-28 12:00:00,37.0
2018-02-28 13:00:00,67.0
2018-02-28 14:00:00,96.0
2018-02-28 15:00:00,112.0
2018-02-28 16:00:00,97.0
2018-02-28 17:00:00,136.0
2018-02-28 18:00:00,92.0
2018-02-28 19:00:00,94.0
2018-02-28 20:00:00,126.0
2018-02-28 21:00:00,117.0
2018-02-28 22:00:00,171.0
2018-02-28 23:00:00,152.0
2018-03-01 00:00:00,149.0
2018-03-01 01:00:00,249.0
2018-03-01 02:00:00,277.0
2018-03-01 03:00:00,283.0
2018-03-01 04:00:00,309.0
2018-03-01 05:00:00,303.0
2018-03-01 06:00:00,333.0
2018-03-01 07:00:00,357.0
2018-03-01 08:00:00,354.0
2018-03-01 09:00:00,370.0
2018-03-01 10:00:00,317.0
2018-03-01 11:00:00,229.0
2018-03-01 12:00:00,28.0
2018-03-01 13:00:00,50.0
2018-03-01 14:00:00,95.0
2018-03-01 15:00:00,51.0
2018-03-01 16:00:00,90.0
2018-03-01 17:00:00,49.0
2018-03-01 18:00:00,35.0
2018-03-01 19:00:00,41.0
2018-03-01 20:00:00,53.0
2018-03-01 21:00:00,63.0
2018-03-01 22:00:00,117.0
2018-03-01 23:00:00,195.0
2018-03-02 00:00:00,251.0
2018-03-02 01:00:00,312.0
2018-03-02 02:00:00,328.0
2018-03-02 03:00:00,325.0
2018-03-02 04:00:00,308.0
2018-03-02 05:00:00,245.0
2018-03-02 06:00:00,241.0
2018-03-02 07:00:00,319.0
2018-03-02 08:00:00,311.0
2018-03-02 09:00:00,289.0
2018-03-02 10:00:00,222.0
2018-03-02 11:00:00,196.0
2018-03-02 12:00:00,171.0
2018-03-02 13:00:00,320.0
2018-03-02 14:00:00,150.0
2018-03-02 15:00:00,80.0
2018-03-02 16:00:00,71.0
2018-03-02 17:00:00,59.0
2018-03-02 18:00:00,49.0
2018-03-02 19:00:00,65.0
2018-03-02 20:00:00,75.0
2018-03-02 21:00:00,102.0
2018-03-02 22:00:00,163.0
2018-03-02 23:00:00,139.0
2018-03-03 00:00:00,228.0
2018-03-03 01:00:00,312.0
2018-03-03 02:00:00,301.0
2018-03-03 03:00:00,231.0
2018-03-03 04:00:00,266.0
2018-03-03 05:00:00,177.0
2018-03-03 06:00:00,302.0
2018-03-03 07:00:00,335.0
2018-03-03 08:00:00,232.0
2018-03-03 09:00:00,81.0
2018-03-03 10:00:00,172.0
2018-03-03 11:00:00,134.0
2018-03-03 12:00:00,28.0
2018-03-03 13:00:00,54.0
2018-03-03 14:00:00,42.0
2018-03-03 15:00:00,49.0
2018-03-03 16:00:00,59.0
2018-03-03 17:00:00,51.0
2018-03-03 18:00:00,61.0
2018-03-03 19:00:00,82.0
2018-03-03 20:00:00,69.0
2018-03-03 21:00:00,84.0
2018-03-03 22:00:00,79.0
2018-03-03 23:00:00,121.0
2018-03-04 00:00:00,194.0
2018-03-04 01:00:00,218.0
2018-03-04 02:00:00,309.0
2018-03-04 03:00:00,88.0
2018-03-04 04:00:00,75.0
2018-03-04 05:00:00,128.0
2018-03-04 06:00:00,113.0
2018-03-04 07:00:00,88.0
2018-03-04 08:00:00,89.0
2018-03-04 09:00:00,74.0
2018-03-04 10:00:00,76.0
2018-03-04 11:00:00,73.0
2018-03-04 12:00:00,46.0
2018-03-04 13:00:00,245.0
2018-03-04 14:00:00,189.0
2018-03-04 15:00:00,82.0
2018-03-04 16:00:00,28.0
2018-03-04 17:00:00,43.0
2018-03-04 18:00:00,34.0
2018-03-04 19:00:00,40.0
2018-03-04 20:00:00,46.0
2018-03-04 21:00:00,49.0
2018-03-04 22:00:00,66.0
2018-03-04 23:00:00,232.0
2018-03-05 00:00:00,288.0
2018-03-05 01:00:00,168.0
2018-03-05 02:00:00,95.0
2018-03-05 03:00:00,63.0
2018-03-05 04:00:00,123.0
2018-03-05 05:00:00,143.0
2018-03-05 06:00:00,216.0
2018-03-05 07:00:00,236.0
2018-03-05 08:00:00,216.0
2018-03-05 09:00:00,249.0
2018-03-05 10:00:00,114.0
2018-03-05 11:00:00,40.0
2018-03-05 12:00:00,19.0
2018-03-05 13:00:00,22.0
2018-03-05 14:00:00,46.0
2018-03-05 15:00:00,44.0
2018-03-05 16:00:00,51.0
2018-03-05 17:00:00,47.0
2018-03-05 18:00:00,26.0
2018-03-05 19:00:00,29.0
2018-03-05 20:00:00,41.0
2018-03-05 21:00:00,58.0
2018-03-05 22:00:00,92.0
2018-03-05 23:00:00,129.0
2018-03-06 00:00:00,99.0
2018-03-06 01:00:00,70.0
2018-03-06 02:00:00,66.0
2018-03-06 03:00:00,53.0
2018-03-06 04:00:00,129.0
2018-03-06 05:00:00,182.0
2018-03-06 06:00:00,162.0
2018-03-06 07:00:00,96.0
2018-03-06 08:00:00,88.0
2018-03-06 09:00:00,163.0
2018-03-06 10:00:00,126.0
2018-03-06 11:00:00,72.0
2018-03-06 12:00:00,62.0
2018-03-06 13:00:00,65.0
2018-03-06 14:00:00,51.0
2018-03-06 15:00:00,56.0
2018-03-06 16:00:00,41.0
2018-03-06 17:00:00,34.0
2018-03-06 18:00:00,28.0
2018-03-06 19:00:00,34.0
2018-03-06 20:00:00,50.0
2018-03-06 21:00:00,88.0
2018-03-06 22:00:00,163.0
2018-03-06 23:00:00,287.0
2018-03-07 00:00:00,174.0
2018-03-07 01:00:00,172.0
2018-03-07 02:00:00,235.0
2018-03-07 03:00:00,289.0
2018-03-07 04:00:00,145.0
2018-03-07 05:00:00,315.0
2018-03-07 06:00:00,328.0
2018-03-07 07:00:00,311.0
2018-03-07 08:00:00,198.0
2018-03-07 09:00:00,91.0
2018-03-07 10:00:00,31.0
2018-03-07 11:00:00,60.0
2018-03-07 12:00:00,81.0
2018-03-07 13:00:00,36.0
2018-03-07 14:00:00,40.0
2018-03-07 15:00:00,50.0
2018-03-07 16:00:00,60.0
2018-03-07 17:00:00,30.0
2018-03-07 18:00:00,41.0
2018-03-07 19:00:00,46.0
2018-03-07 20:00:00,62.0
2018-03-07 21:00:00,71.0
2018-03-07 22:00:00,123.0
2018-03-07 23:00:00,162.0
2018-03-08 00:00:00,186.0
2018-03-08 01:00:00,235.0
2018-03-08 02:00:00,231.8771108099523
2018-03-08 03:00:00,218.87922295403632
2018-03-08 04:00:00,176.66723273892714
2018-03-08 05:00:00,260.86782724195217
2018-03-08 06:00:00,268.84969376605864
2018-03-08 07:00:00,238.7789584493313
2018-03-08 08:00:00,177.36364691071418
2018-03-08 09:00:00,159.1858013049952
2018-03-08 10:00:00,86.50325776851618
2018-03-08 11:00:00,62.72464944008834
2018-03-08 12:00:00,84.0
2018-03-08 13:00:00,100.0
2018-03-08 14:00:00,61.0
2018-03-08 15:00:00,73.0
2018-03-08 16:00:00,64.0
2018-03-08 17:00:00,66.0
2018-03-08 18:00:00,43.0
2018-03-08 19:00:00,101.0
2018-03-08 20:00:00,97.0
2018-03-08 21:00:00,156.0
2018-03-08 22:00:00,154.0
2018-03-08 23:00:00,156.0
2018-03-09 00:00:00,265.0
2018-03-09 01:00:00,287.0
2018-03-09 02:00:00,304.0
2018-03-09 03:00:00,317.0
2018-03-09 04:00:00,350.0
2018-03-09 05:00:00,335.0
2018-03-09 06:00:00,344.0
2018-03-09 07:00:00,348.0
2018-03-09 08:00:00,340.0
2018-03-09 09:00:00,364.0
2018-03-09 10:00:00,342.0
2018-03-09 11:00:00,256.0
2018-03-09 12:00:00,86.0
2018-03-09 13:00:00,84.0
2018-03-09 14:00:00,64.0
2018-03-09 15:00:00,89.0
2018-03-09 16:00:00,63.0
2018-03-09 17:00:00,39.0
2018-03-09 18:00:00,34.0
2018-03-09 19:00:00,64.0
2018-03-09 20:00:00,71.0
2018-03-09 21:00:00,111.0
2018-03-09 22:00:00,176.0
2018-03-09 23:00:00,181.0
2018-03-10 00:00:00,252.0
2018-03-10 01:00:00,254.0
2018-03-10 02:00:00,134.0
2018-03-10 03:00:00,74.0
2018-03-10 04:00:00,115.0
2018-03-10 05:00:00,171.0
2018-03-10 06:00:00,271.0
2018-03-10 07:00:00,222.0
2018-03-10 08:00:00,89.0
2018-03-10 09:00:00,69.0
2018-03-10 10:00:00,136.0
2018-03-10 11:00:00,105.0
2018-03-10 12:00:00,112.0
2018-03-10 13:00:00,50.0
2018-03-10 14:00:00,41.0
2018-03-10 15:00:00,49.0
2018-03-10 16:00:00,45.0
2018-03-10 17:00:00,28.0
2018-03-10 18:00:00,27.0
2018-03-10 19:00:00,57.0
2018-03-10 20:00:00,67.0
2018-03-10 21:00:00,67.0
2018-03-10 22:00:00,143.0
2018-03-10 23:00:00,114.0
2018-03-11 00:00:00,103.0
2018-03-11 01:00:00,79.0
2018-03-11 02:00:00,85.0
2018-03-11 03:00:00,124.0
2018-03-11 04:00:00,151.0
2018-03-11 05:00:00,240.0
2018-03-11 06:00:00,227.0
2018-03-11 07:00:00,195.0
2018-03-11 08:00:00,153.0
2018-03-11 09:00:00,120.0
2018-03-11 10:00:00,75.0
2018-03-11 11:00:00,122.0
2018-03-11 12:00:00,128.0
2018-03-11 13:00:00,100.0
2018-03-11 14:00:00,82.0
2018-03-11 15:00:00,60.0
2018-03-11 16:00:00,55.0
2018-03-11 17:00:00,44.0
2018-03-11 18:00:00,54.0
2018-03-11 19:00:00,61.0
2018-03-11 20:00:00,54.0
2018-03-11 21:00:00,77.0
2018-03-11 22:00:00,147.0
2018-03-11 23:00:00,186.0
2018-03-12 00:00:00,249.0
2018-03-12 01:00:00,221.0
2018-03-12 02:00:00,262.0
2018-03-12 03:00:00,316.0
2018-03-12 04:00:00,282.0
2018-03-12 05:00:00,319.0
2018-03-12 06:00:00,309.0
2018-03-12 07:00:00,289.0
2018-03-12 08:00:00,317.0
2018-03-12 09:00:00,319.0
2018-03-12 10:00:00,262.0
2018-03-12 11:00:00,36.0
2018-03-12 12:00:00,53.0
2018-03-12 13:00:00,80.0
2018-03-12 14:00:00,65.0
2018-03-12 15:00:00,67.0
2018-03-12 16:00:00,53.0
2018-03-12 17:00:00,32.0
2018-03-12 18:00:00,40.0
2018-03-12 19:00:00,51.0
2018-03-12 20:00:00,65.0
2018-03-12 21:00:00,96.0
2018-03-12 22:00:00,141.0
2018-03-12 23:00:00,211.0
2018-03-13 00:00:00,161.0
2018-03-13 01:00:00,138.0
2018-03-13 02:00:00,161.0
2018-03-13 03:00:00,310.0
2018-03-13 04:00:00,322.0
2018-03-13 05:00:00,338.0
2018-03-13 06:00:00,304.0
2018-03-13 07:00:00,336.0
2018-03-13 08:00:00,281.0
2018-03-13 09:00:00,264.0
2018-03-13 10:00:00,212.0
2018-03-13 11:00:00,100.0
2018-03-13 12:00:00,109.0
2018-03-13 13:00:00,70.0
2018-03-13 14:00:00,43.0
2018-03-13 15:00:00,55.0
2018-03-13 16:00:00,60.0
2018-03-13 17:00:00,32.0
2018-03-13 18:00:00,35.0
2018-03-13 19:00:00,40.0
2018-03-13 20:00:00,65.0
2018-03-13 21:00:00,112.0
2018-03-13 22:00:00,126.0
2018-03-13 23:00:00,99.0
2018-03-14 00:00:00,151.0
2018-03-14 01:00:00,150.0
2018-03-14 02:00:00,236.0
2018-03-14 03:00:00,261.0
2018-03-14 04:00:00,247.0
2018-03-14 05:00:00,277.0
2018-03-14 06:00:00,146.0
2018-03-14 07:00:00,159.0
2018-03-14 08:00:00,181.0
2018-03-14 09:00:00,159.0
2018-03-14 10:00:00,97.0
2018-03-14 11:00:00,46.0
2018-03-14 12:00:00,50.0
2018-03-14 13:00:00,42.0
2018-03-14 14:00:00,79.0
2018-03-14 15:00:00,56.0
2018-03-14 16:00:00,53.0
2018-03-14 17:00:00,50.0
2018-03-14 18:00:00,39.0
2018-03-14 19:00:00,47.0
2018-03-14 20:00:00,71.0
2018-03-14 21:00:00,94.0
2018-03-14 22:00:00,143.0
2018-03-14 23:00:00,174.0
2018-03-15 00:00:00,179.0
2018-03-15 01:00:00,225.0
2018-03-15 02:00:00,306.0
2018-03-15 03:00:00,319.0
2018-03-15 04:00:00,317.0
2018-03-15 05:00:00,338.0
2018-03-15 06:00:00,175.0
2018-03-15 07:00:00,171.0
2018-03-15 08:00:00,107.0
2018-03-15 09:00:00,104.0
2018-03-15 10:00:00,42.0
2018-03-15 11:00:00,28.0
2018-03-15 12:00:00,22.0
2018-03-15 13:00:00,55.0
2018-03-15 14:00:00,44.92957658299077
2018-03-15 15:00:00,51.57669605889072
2018-03-15 16:00:00,53.23913366888832
2018-03-15 17:00:00,33.7411624808823
2018-03-15 18:00:00,35.14013419333362
2018-03-15 19:00:00,40.13608399017534
2018-03-15 20:00:00,55.571232038840044
2018-03-15 21:00:00,74.64372946978418
2018-03-15 22:00:00,131.41803360093158
2018-03-15 23:00:00,196.64100519760677
2018-03-16 00:00:00,170.78572609101232
2018-03-16 01:00:00,193.5739025270257
2018-03-16 02:00:00,210.94541356076903
2018-03-16 03:00:00,218.83164379989114
2018-03-16 04:00:00,160.50195204126462
2018-03-16 05:00:00,267.32788976894255
2018-03-16 06:00:00,273.1761097131965
2018-03-16 07:00:00,242.43254237645118
2018-03-16 08:00:00,171.99174771138257
2018-03-16 09:00:00,138.4327687164928
2018-03-16 10:00:00,74.41836025163451
2018-03-16 11:00:00,63.10113833439154
2018-03-16 12:00:00,68.29291305029402
2018-03-16 13:00:00,44.16100310529913
2018-03-16 14:00:00,44.92595740543392
2018-03-16 15:00:00,51.56912061783596
2018-03-16 16:00:00,53.254210340926214
2018-03-16 17:00:00,33.74965952140918
2018-03-16 18:00:00,35.14423565076919
2018-03-16 19:00:00,49.0
2018-03-16 20:00:00,80.0
2018-03-16 21:00:00,68.0
2018-03-16 22:00:00,82.0
2018-03-16 23:00:00,91.0
2018-03-17 00:00:00,100.0
2018-03-17 01:00:00,85.0
2018-03-17 02:00:00,184.0
2018-03-17 03:00:00,199.0
2018-03-17 04:00:00,310.0
2018-03-17 05:00:00,316.0
2018-03-17 06:00:00,316.0
2018-03-17 07:00:00,310.0
2018-03-17 08:00:00,197.0
2018-03-17 09:00:00,86.0
2018-03-17 10:00:00,53.0
2018-03-17 11:00:00,52.0
2018-03-17 12:00:00,42.0
2018-03-17 13:00:00,36.0
2018-03-17 14:00:00,42.0
2018-03-17 15:00:00,51.0
2018-03-17 16:00:00,36.0
2018-03-17 17:00:00,30.0
2018-03-17 18:00:00,38.0
2018-03-17 19:00:00,43.0
2018-03-17 20:00:00,38.0
2018-03-17 21:00:00,65.0
2018-03-17 22:00:00,112.0
2018-03-17 23:00:00,138.0
2018-03-18 00:00:00,117.0
2018-03-18 01:00:00,85.0
2018-03-18 02:00:00,139.0
2018-03-18 03:00:00,264.0
2018-03-18 04:00:00,304.0
2018-03-18 05:00:00,316.0
2018-03-18 06:00:00,311.0
2018-03-18 07:00:00,288.0
2018-03-18 08:00:00,139.0
2018-03-18 09:00:00,48.0
2018-03-18 10:00:00,50.0
2018-03-18 11:00:00,18.0
2018-03-18 12:00:00,43.0
2018-03-18 13:00:00,66.0
2018-03-18 14:00:00,56.0
2018-03-18 15:00:00,36.0
2018-03-18 16:00:00,45.0
2018-03-18 17:00:00,32.0
2018-03-18 18:00:00,26.0
2018-03-18 19:00:00,31.0
2018-03-18 20:00:00,57.0
2018-03-18 21:00:00,87.0
2018-03-18 22:00:00,83.0
2018-03-18 23:00:00,98.0
2018-03-19 00:00:00,85.0
2018-03-19 01:00:00,71.0
2018-03-19 02:00:00,80.0
2018-03-19 03:00:00,96.0
2018-03-19 04:00:00,130.0
2018-03-19 05:00:00,104.0
2018-03-19 06:00:00,126.0
2018-03-19 07:00:00,313.0
2018-03-19 08:00:00,305.0
2018-03-19 09:00:00,294.0
2018-03-19 10:00:00,378.0
2018-03-19 11:00:00,147.0
2018-03-19 12:00:00,76.0
2018-03-19 13:00:00,70.0
2018-03-19 14:00:00,69.0
2018-03-19 15:00:00,45.0
2018-03-19 16:00:00,74.0
2018-03-19 17:00:00,31.0
2018-03-19 18:00:00,31.0
2018-03-19 19:00:00,45.0
2018-03-19 20:00:00,102.0
2018-03-19 21:00:00,109.0
2018-03-19 22:00:00,136.0
2018-03-19 23:00:00,61.0
2018-03-20 00:00:00,44.0
2018-03-20 01:00:00,78.0
2018-03-20 02:00:00,143.0
2018-03-20 03:00:00,221.0
2018-03-20 04:00:00,304.0
2018-03-20 05:00:00,324.0
2018-03-20 06:00:00,333.0
2018-03-20 07:00:00,322.0
2018-03-20 08:00:00,309.0
2018-03-20 09:00:00,281.0
2018-03-20 10:00:00,272.0
2018-03-20 11:00:00,175.0
2018-03-20 12:00:00,45.0
2018-03-20 13:00:00,71.0
2018-03-20 14:00:00,152.0
2018-03-20 15:00:00,215.0
2018-03-20 16:00:00,96.0
2018-03-20 17:00:00,3.0
2018-03-20 18:00:00,5.0
2018-03-20 19:00:00,68.0
2018-03-20 20:00:00,175.0
2018-03-20 21:00:00,199.0
2018-03-20 22:00:00,90.0
2018-03-20 23:00:00,91.0
2018-03-21 00:00:00,116.0
2018-03-21 01:00:00,183.0
2018-03-21 02:00:00,202.0
2018-03-21 03:00:00,305.0
2018-03-21 04:00:00,320.0
2018-03-21 05:00:00,317.0
2018-03-21 06:00:00,273.08357462670233
2018-03-21 07:00:00,242.3117394690535
2018-03-21 08:00:00,171.92642811957293
2018-03-21 09:00:00,138.4637503248307
2018-03-21 10:00:00,74.46666205144433
2018-03-21 11:00:00,63.108164999789544
2018-03-21 12:00:00,68.28481395871702
2018-03-21 13:00:00,44.17772135384246
2018-03-21 14:00:00,44.93158999126168
2018-03-21 15:00:00,51.57262615877871
2018-03-21 16:00:00,53.24380022594192
2018-03-21 17:00:00,33.75094892389048
2018-03-21 18:00:00,35.13759339801253
2018-03-21 19:00:00,40.13162546141798
2018-03-21 20:00:00,55.564149002874736
2018-03-21 21:00:00,74.62837571558242
2018-03-21 22:00:00,131.3811851536495
2018-03-21 23:00:00,196.56458171419047
2018-03-22 00:00:00,170.73782076412417
2018-03-22 01:00:00,193.50105527402619
2018-03-22 02:00:00,210.84222221414174
2018-03-22 03:00:00,218.69825751316753
2018-03-22 04:00:00,160.48697755293833
2018-03-22 05:00:00,267.25510542296394
2018-03-22 06:00:00,273.0838813711572
2018-03-22 07:00:00,242.31236526062014
2018-03-22 08:00:00,171.92759662938175
2018-03-22 09:00:00,349.0
2018-03-22 10:00:00,340.0
2018-03-22 11:00:00,311.0
2018-03-22 12:00:00,183.0
2018-03-22 13:00:00,73.0
2018-03-22 14:00:00,33.0
2018-03-22 15:00:00,18.0
2018-03-22 16:00:00,68.0
2018-03-22 17:00:00,77.0
2018-03-22 18:00:00,85.0
2018-03-22 19:00:00,81.0
2018-03-22 20:00:00,50.0
2018-03-22 21:00:00,50.0
2018-03-22 22:00:00,46.0
2018-03-22 23:00:00,59.0
2018-03-23 00:00:00,83.0
2018-03-23 01:00:00,89.0
2018-03-23 02:00:00,74.0
2018-03-23 03:00:00,68.0
2018-03-23 04:00:00,86.0
2018-03-23 05:00:00,74.0
2018-03-23 06:00:00,103.0
2018-03-23 07:00:00,247.0
2018-03-23 08:00:00,274.0
2018-03-23 09:00:00,250.0
2018-03-23 10:00:00,138.0
2018-03-23 11:00:00,51.0
2018-03-23 12:00:00,7.0
2018-03-23 13:00:00,23.0
2018-03-23 14:00:00,35.0
2018-03-23 15:00:00,51.0
2018-03-23 16:00:00,52.0
2018-03-23 17:00:00,43.0
2018-03-23 18:00:00,48.0
2018-03-23 19:00:00,45.0
2018-03-23 20:00:00,40.0
2018-03-23 21:00:00,53.0
2018-03-23 22:00:00,84.0
2018-03-23 23:00:00,149.0
2018-03-24 00:00:00,143.0
2018-03-24 01:00:00,131.0
2018-03-24 02:00:00,151.0
2018-03-24 03:00:00,46.0
2018-03-24 04:00:00,147.0
2018-03-24 05:00:00,183.0
2018-03-24 06:00:00,144.0
2018-03-24 07:00:00,319.0
2018-03-24 08:00:00,310.0
2018-03-24 09:00:00,297.0
2018-03-24 10:00:00,187.0
2018-03-24 11:00:00,35.0
2018-03-24 12:00:00,6.0
2018-03-24 13:00:00,21.0
2018-03-24 14:00:00,43.0
2018-03-24 15:00:00,64.0
2018-03-24 16:00:00,58.0
2018-03-24 17:00:00,48.0
2018-03-24 18:00:00,30.0
2018-03-24 19:00:00,35.0
2018-03-24 20:00:00,53.0
2018-03-24 21:00:00,65.0
2018-03-24 22:00:00,109.0
2018-03-24 23:00:00,112.0
2018-03-25 00:00:00,69.0
2018-03-25 01:00:00,69.0
2018-03-25 02:00:00,72.0
2018-03-25 03:00:00,245.0
2018-03-25 04:00:00,243.0
2018-03-25 05:00:00,334.0
2018-03-25 06:00:00,273.0830542441224
2018-03-25 07:00:00,242.31125014723258
2018-03-25 08:00:00,171.9268635818687
2018-03-25 09:00:00,138.4657638368588
2018-03-25 10:00:00,74.46786993341873
2018-03-25 11:00:00,63.108137343042415
2018-03-25 12:00:00,68.28426814973362
2018-03-25 13:00:00,44.1777050545845
2018-03-25 14:00:00,44.93172216917644
2018-03-25 15:00:00,51.572613752082226
2018-03-25 16:00:00,53.243705112388945
2018-03-25 17:00:00,33.75114503788499
2018-03-25 18:00:00,35.13743456582757
2018-03-25 19:00:00,42.0
2018-03-25 20:00:00,53.0
2018-03-25 21:00:00,52.0
2018-03-25 22:00:00,77.0
2018-03-25 23:00:00,78.0
2018-03-26 00:00:00,90.0
2018-03-26 01:00:00,108.0
2018-03-26 02:00:00,147.0
2018-03-26 03:00:00,148.0
2018-03-26 04:00:00,188.0
2018-03-26 05:00:00,185.0
2018-03-26 06:00:00,311.0
2018-03-26 07:00:00,323.0
2018-03-26 08:00:00,229.0
2018-03-26 09:00:00,128.0
2018-03-26 10:00:00,149.0
2018-03-26 11:00:00,92.0
2018-03-26 12:00:00,53.0
2018-03-26 13:00:00,61.0
2018-03-26 14:00:00,66.0
2018-03-26 15:00:00,59.0
2018-03-26 16:00:00,46.0
2018-03-26 17:00:00,48.0
2018-03-26 18:00:00,55.0
2018-03-26 19:00:00,64.0
2018-03-26 20:00:00,57.0
2018-03-26 21:00:00,116.0
2018-03-26 22:00:00,129.0
2018-03-26 23:00:00,184.0
2018-03-27 00:00:00,252.0
2018-03-27 01:00:00,238.0
2018-03-27 02:00:00,248.0
2018-03-27 03:00:00,345.0
2018-03-27 04:00:00,330.0
2018-03-27 05:00:00,249.0
2018-03-27 06:00:00,291.0
2018-03-27 07:00:00,325.0
2018-03-27 08:00:00,171.92679036934214
2018-03-27 09:00:00,138.46568786635632
2018-03-27 10:00:00,74.4678477887013
2018-03-27 11:00:00,63.10814426205696
2018-03-27 12:00:00,68.28428897918326
2018-03-27 13:00:00,44.177719048385136
2018-03-27 14:00:00,44.93172001943084
2018-03-27 15:00:00,51.572617134559
2018-03-27 16:00:00,53.24370164731617
2018-03-27 17:00:00,46.0
2018-03-27 18:00:00,61.0
2018-03-27 19:00:00,50.0
2018-03-27 20:00:00,67.0
2018-03-27 21:00:00,82.0
2018-03-27 22:00:00,110.0
2018-03-27 23:00:00,158.0
2018-03-28 00:00:00,224.0
2018-03-28 01:00:00,310.0
2018-03-28 02:00:00,311.0
2018-03-28 03:00:00,309.0
2018-03-28 04:00:00,303.0
2018-03-28 05:00:00,318.0
2018-03-28 06:00:00,314.0
2018-03-28 07:00:00,312.0
2018-03-28 08:00:00,286.0
2018-03-28 09:00:00,298.0
2018-03-28 10:00:00,154.0
2018-03-28 11:00:00,82.0
2018-03-28 12:00:00,53.0
2018-03-28 13:00:00,39.0
2018-03-28 14:00:00,49.0
2018-03-28 15:00:00,57.0
2018-03-28 16:00:00,46.0
2018-03-28 17:00:00,44.0
2018-03-28 18:00:00,52.0
2018-03-28 19:00:00,73.0
2018-03-28 20:00:00,66.0
2018-03-28 21:00:00,95.0
2018-03-28 22:00:00,148.0
2018-03-28 23:00:00,198.0
2018-03-29 00:00:00,215.0
2018-03-29 01:00:00,151.0
2018-03-29 02:00:00,118.0
2018-03-29 03:00:00,99.0
2018-03-29 04:00:00,130.0
2018-03-29 05:00:00,267.2544580695252
2018-03-29 06:00:00,273.08297406883156
2018-03-29 07:00:00,242.3111382828828
2018-03-29 08:00:00,171.9267765827101
2018-03-29 09:00:00,138.46572102121078
2018-03-29 10:00:00,74.46787632502574
2018-03-29 11:00:00,63.108145975169734
2018-03-29 12:00:00,68.28428007885441
2018-03-29 13:00:00,27.0
2018-03-29 14:00:00,40.0
2018-03-29 15:00:00,68.0
2018-03-29 16:00:00,47.0
2018-03-29 17:00:00,42.0
2018-03-29 18:00:00,43.0
2018-03-29 19:00:00,63.0
2018-03-29 20:00:00,95.0
2018-03-29 21:00:00,146.0
2018-03-29 22:00:00,97.0
2018-03-29 23:00:00,105.0
2018-03-30 00:00:00,128.0
2018-03-30 01:00:00,320.0
2018-03-30 02:00:00,339.0
2018-03-30 03:00:00,311.0
2018-03-30 04:00:00,109.0
2018-03-30 05:00:00,267.2544676733926
2018-03-30 06:00:00,273.0829859037781
2018-03-30 07:00:00,242.31115353230612
2018-03-30 08:00:00,171.9267840882052
2018-03-30 09:00:00,138.46571511436167
2018-03-30 10:00:00,74.46786915761959
2018-03-30 11:00:00,63.108145147492316
2018-03-30 12:00:00,68.28428164355569
2018-03-30 13:00:00,44.177721696215336
2018-03-30 14:00:00,44.9317224164673
2018-03-30 15:00:00,51.57261759150082
2018-03-30 16:00:00,53.243698847872786
2018-03-30 17:00:00,33.751138637701715
2018-03-30 18:00:00,35.13743438947178
2018-03-30 19:00:00,40.13144564520603
2018-03-30 20:00:00,55.56392815323758
2018-03-30 21:00:00,74.62829165936432
2018-03-30 22:00:00,131.38097608512408
2018-03-30 23:00:00,196.56453386483443
2018-03-31 00:00:00,170.73696167748213
2018-03-31 01:00:00,193.49933825974247
2018-03-31 02:00:00,210.84063752500853
2018-03-31 03:00:00,218.69681551008387
2018-03-31 04:00:00,160.4864528577198
2018-03-31 05:00:00,267.25446419013656
2018-03-31 06:00:00,273.0829821873284
2018-03-31 07:00:00,242.31114904809056
2018-03-31 08:00:00,171.92678301752647
2018-03-31 09:00:00,138.46571991611225
2018-03-31 10:00:00,74.46787290839454
2018-03-31 11:00:00,73.0
2018-03-31 12:00:00,58.0
2018-03-31 13:00:00,50.0
2018-03-31 14:00:00,66.0
2018-03-31 15:00:00,126.0
2018-03-31 16:00:00,96.0
2018-03-31 17:00:00,104.0
2018-03-31 18:00:00,52.0
2018-03-31 19:00:00,66.0
2018-03-31 20:00:00,48.0
2018-03-31 21:00:00,61.0
2018-03-31 22:00:00,113.0
2018-03-31 23:00:00,175.0
2018-04-01 00:00:00,153.0
2018-04-01 01:00:00,101.0
2018-04-01 02:00:00,81.0
2018-04-01 03:00:00,78.0
2018-04-01 04:00:00,95.0
2018-04-01 05:00:00,84.0
2018-04-01 06:00:00,109.0
2018-04-01 07:00:00,126.0
2018-04-01 08:00:00,171.92678182494802
2018-04-01 09:00:00,138.46571863763506
2018-04-01 10:00:00,74.4678725194376
2018-04-01 11:00:00,63.10814541213219
2018-04-01 12:00:00,68.28428070105859
2018-04-01 13:00:00,44.17772238048781
2018-04-01 14:00:00,44.93172279892292
2018-04-01 15:00:00,51.57261772506226
2018-04-01 16:00:00,53.24369830563454
2018-04-01 17:00:00,33.75113890827208
2018-04-01 18:00:00,35.13743393519207
2018-04-01 19:00:00,40.13144519517897
2018-04-01 20:00:00,55.56392766509261
2018-04-01 21:00:00,74.62829198220088
2018-04-01 22:00:00,131.3809768342487
2018-04-01 23:00:00,183.0
2018-04-02 00:00:00,174.0
2018-04-02 01:00:00,141.0
2018-04-02 02:00:00,87.0
2018-04-02 03:00:00,86.0
2018-04-02 04:00:00,90.0
2018-04-02 05:00:00,129.0
2018-04-02 06:00:00,161.0
2018-04-02 07:00:00,182.0
2018-04-02 08:00:00,117.0
2018-04-02 09:00:00,98.0
2018-04-02 10:00:00,88.0
2018-04-02 11:00:00,97.0
2018-04-02 12:00:00,119.0
2018-04-02 13:00:00,108.0
2018-04-02 14:00:00,71.0
2018-04-02 15:00:00,72.0
2018-04-02 16:00:00,67.0
2018-04-02 17:00:00,84.0
2018-04-02 18:00:00,123.0
2018-04-02 19:00:00,108.0
2018-04-02 20:00:00,90.0
2018-04-02 21:00:00,60.0
2018-04-02 22:00:00,85.0
2018-04-02 23:00:00,119.0
2018-04-03 00:00:00,176.0
2018-04-03 01:00:00,215.0
2018-04-03 02:00:00,224.0
2018-04-03 03:00:00,129.0
2018-04-03 04:00:00,122.0
2018-04-03 05:00:00,106.0
2018-04-03 06:00:00,149.0
2018-04-03 07:00:00,292.0
2018-04-03 08:00:00,254.0
2018-04-03 09:00:00,149.0
2018-04-03 10:00:00,88.0
2018-04-03 11:00:00,79.0
2018-04-03 12:00:00,96.0
2018-04-03 13:00:00,135.0
2018-04-03 14:00:00,110.0
2018-04-03 15:00:00,75.0
2018-04-03 16:00:00,53.0
2018-04-03 17:00:00,61.0
2018-04-03 18:00:00,69.0
2018-04-03 19:00:00,98.0
2018-04-03 20:00:00,150.0
2018-04-03 21:00:00,110.0
2018-04-03 22:00:00,147.0
2018-04-03 23:00:00,154.0
2018-04-04 00:00:00,136.0
2018-04-04 01:00:00,176.0
2018-04-04 02:00:00,230.0
2018-04-04 03:00:00,250.0
2018-04-04 04:00:00,176.0
2018-04-04 05:00:00,150.0
2018-04-04 06:00:00,123.0
2018-04-04 07:00:00,233.0
2018-04-04 08:00:00,215.0
2018-04-04 09:00:00,246.0
2018-04-04 10:00:00,184.0
2018-04-04 11:00:00,124.0
2018-04-04 12:00:00,62.0
2018-04-04 13:00:00,116.0
2018-04-04 14:00:00,144.0
2018-04-04 15:00:00,132.0
2018-04-04 16:00:00,70.0
2018-04-04 17:00:00,58.0
2018-04-04 18:00:00,73.0
2018-04-04 19:00:00,95.0
2018-04-04 20:00:00,190.0
2018-04-04 21:00:00,221.0
2018-04-04 22:00:00,231.0
2018-04-04 23:00:00,185.0
2018-04-05 00:00:00,273.0
2018-04-05 01:00:00,308.0
2018-04-05 02:00:00,345.0
2018-04-05 03:00:00,361.0
2018-04-05 04:00:00,382.0
2018-04-05 05:00:00,375.0
2018-04-05 06:00:00,412.0
2018-04-05 07:00:00,413.0
2018-04-05 08:00:00,401.0
2018-04-05 09:00:00,384.0
2018-04-05 10:00:00,364.0
2018-04-05 11:00:00,308.0
2018-04-05 12:00:00,53.0
2018-04-05 13:00:00,40.0
2018-04-05 14:00:00,67.0
2018-04-05 15:00:00,107.0
2018-04-05 16:00:00,83.0
2018-04-05 17:00:00,51.0
2018-04-05 18:00:00,27.0
2018-04-05 19:00:00,35.0
2018-04-05 20:00:00,49.0
2018-04-05 21:00:00,182.0
2018-04-05 22:00:00,187.0
2018-04-05 23:00:00,178.0
2018-04-06 00:00:00,188.0
2018-04-06 01:00:00,219.0
2018-04-06 02:00:00,154.0
2018-04-06 03:00:00,129.0
2018-04-06 04:00:00,221.0
2018-04-06 05:00:00,211.0
2018-04-06 06:00:00,142.0
2018-04-06 07:00:00,120.0
2018-04-06 08:00:00,178.0
2018-04-06 09:00:00,146.0
2018-04-06 10:00:00,101.0
2018-04-06 11:00:00,150.0
2018-04-06 12:00:00,75.0
2018-04-06 13:00:00,53.0
2018-04-06 14:00:00,58.0
2018-04-06 15:00:00,128.0
2018-04-06 16:00:00,140.0
2018-04-06 17:00:00,136.0
2018-04-06 18:00:00,75.0
2018-04-06 19:00:00,48.0
2018-04-06 20:00:00,55.56392769179089
2018-04-06 21:00:00,74.62829187362566
2018-04-06 22:00:00,3.0
2018-04-06 23:00:00,40.0
2018-04-07 00:00:00,58.0
2018-04-07 01:00:00,12.0
2018-04-07 02:00:00,4.0
2018-04-07 03:00:00,10.0
2018-04-07 04:00:00,36.0
2018-04-07 05:00:00,61.0
2018-04-07 06:00:00,79.0
2018-04-07 07:00:00,132.0
2018-04-07 08:00:00,53.0
2018-04-07 09:00:00,22.0
2018-04-07 10:00:00,68.0
2018-04-07 11:00:00,81.0
2018-04-07 12:00:00,73.0
2018-04-07 13:00:00,64.0
2018-04-07 14:00:00,40.0
2018-04-07 15:00:00,55.0
2018-04-07 16:00:00,61.0
2018-04-07 17:00:00,71.0
2018-04-07 18:00:00,81.0
2018-04-07 19:00:00,70.0
2018-04-07 20:00:00,45.0
2018-04-07 21:00:00,44.0
2018-04-07 22:00:00,64.0
2018-04-07 23:00:00,95.0
2018-04-08 00:00:00,90.0
2018-04-08 01:00:00,147.0
2018-04-08 02:00:00,49.0
2018-04-08 03:00:00,37.0
2018-04-08 04:00:00,32.0
2018-04-08 05:00:00,43.0
2018-04-08 06:00:00,56.0
2018-04-08 07:00:00,95.0
2018-04-08 08:00:00,64.0
2018-04-08 09:00:00,49.0
2018-04-08 10:00:00,45.0
2018-04-08 11:00:00,70.0
2018-04-08 12:00:00,79.0
2018-04-08 13:00:00,76.0
2018-04-08 14:00:00,71.0
2018-04-08 15:00:00,49.0
2018-04-08 16:00:00,41.0
2018-04-08 17:00:00,56.0
2018-04-08 18:00:00,90.0
2018-04-08 19:00:00,83.0
2018-04-08 20:00:00,70.0
2018-04-08 21:00:00,38.0
2018-04-08 22:00:00,32.0
2018-04-08 23:00:00,41.0
2018-04-09 00:00:00,72.0
2018-04-09 01:00:00,77.0
2018-04-09 02:00:00,96.0
2018-04-09 03:00:00,84.0
2018-04-09 04:00:00,52.0
2018-04-09 05:00:00,48.0
2018-04-09 06:00:00,69.0
2018-04-09 07:00:00,111.0
2018-04-09 08:00:00,140.0
2018-04-09 09:00:00,101.0
2018-04-09 10:00:00,35.0
2018-04-09 11:00:00,2.0
2018-04-09 12:00:00,5.0
2018-04-09 13:00:00,36.0
2018-04-09 14:00:00,52.0
2018-04-09 15:00:00,58.0
2018-04-09 16:00:00,19.0
2018-04-09 17:00:00,7.0
2018-04-09 18:00:00,25.0
2018-04-09 19:00:00,42.0
2018-04-09 20:00:00,94.0
2018-04-09 21:00:00,127.0
2018-04-09 22:00:00,113.0
2018-04-09 23:00:00,92.0
2018-04-10 00:00:00,151.0
2018-04-10 01:00:00,114.0
2018-04-10 02:00:00,201.0
2018-04-10 03:00:00,232.0
2018-04-10 04:00:00,166.0
2018-04-10 05:00:00,97.0
2018-04-10 06:00:00,124.0
2018-04-10 07:00:00,178.0
2018-04-10 08:00:00,200.0
2018-04-10 09:00:00,225.0
2018-04-10 10:00:00,97.0
2018-04-10 11:00:00,70.0
2018-04-10 12:00:00,54.0
2018-04-10 13:00:00,69.0
2018-04-10 14:00:00,126.0
2018-04-10 15:00:00,120.0
2018-04-10 16:00:00,106.0
2018-04-10 17:00:00,52.0
2018-04-10 18:00:00,58.0
2018-04-10 19:00:00,44.0
2018-04-10 20:00:00,78.0
2018-04-10 21:00:00,118.0
2018-04-10 22:00:00,85.0
2018-04-10 23:00:00,50.0
2018-04-11 00:00:00,24.0
2018-04-11 01:00:00,45.0
2018-04-11 02:00:00,69.0
2018-04-11 03:00:00,90.0
2018-04-11 04:00:00,99.0
2018-04-11 05:00:00,79.0
2018-04-11 06:00:00,35.0
2018-04-11 07:00:00,39.0
2018-04-11 08:00:00,21.0
2018-04-11 09:00:00,83.0
2018-04-11 10:00:00,83.0
2018-04-11 11:00:00,85.0
2018-04-11 12:00:00,64.0
2018-04-11 13:00:00,40.0
2018-04-11 14:00:00,52.0
2018-04-11 15:00:00,81.0
2018-04-11 16:00:00,103.0
2018-04-11 17:00:00,69.0
2018-04-11 18:00:00,28.0
2018-04-11 19:00:00,6.0
2018-04-11 20:00:00,17.0
2018-04-11 21:00:00,17.0
2018-04-11 22:00:00,27.0
2018-04-11 23:00:00,46.0
2018-04-12 00:00:00,35.0
2018-04-12 01:00:00,14.0
2018-04-12 02:00:00,25.0
2018-04-12 03:00:00,23.0
2018-04-12 04:00:00,86.0
2018-04-12 05:00:00,27.0
2018-04-12 06:00:00,21.0
2018-04-12 07:00:00,1.0
2018-04-12 08:00:00,8.0
2018-04-12 09:00:00,34.0
2018-04-12 10:00:00,76.0
2018-04-12 11:00:00,71.0
2018-04-12 12:00:00,77.0
2018-04-12 13:00:00,57.0
2018-04-12 14:00:00,36.0
2018-04-12 15:00:00,66.0
2018-04-12 16:00:00,63.0
2018-04-12 17:00:00,37.0
2018-04-12 18:00:00,29.0
2018-04-12 19:00:00,28.0
2018-04-12 20:00:00,49.0
2018-04-12 21:00:00,63.0
2018-04-12 22:00:00,69.0
2018-04-12 23:00:00,312.0
2018-04-13 00:00:00,261.0
2018-04-13 01:00:00,67.0
2018-04-13 02:00:00,70.0
2018-04-13 03:00:00,152.0
2018-04-13 04:00:00,115.0
2018-04-13 05:00:00,300.0
2018-04-13 06:00:00,228.0
2018-04-13 07:00:00,270.0
2018-04-13 08:00:00,247.0
2018-04-13 09:00:00,306.0
2018-04-13 10:00:00,177.0
2018-04-13 11:00:00,52.0
2018-04-13 12:00:00,14.0
2018-04-13 13:00:00,9.0
2018-04-13 14:00:00,12.0
2018-04-13 15:00:00,56.0
2018-04-13 16:00:00,35.0
2018-04-13 17:00:00,11.0
2018-04-13 18:00:00,60.0
2018-04-13 19:00:00,47.0
2018-04-13 20:00:00,44.0
2018-04-13 21:00:00,59.0
2018-04-13 22:00:00,72.0
2018-04-13 23:00:00,182.0
2018-04-14 00:00:00,324.0
2018-04-14 01:00:00,291.0
2018-04-14 02:00:00,282.0
2018-04-14 03:00:00,156.0
2018-04-14 04:00:00,160.0
2018-04-14 05:00:00,220.0
2018-04-14 06:00:00,262.0
2018-04-14 07:00:00,307.0
2018-04-14 08:00:00,308.0
2018-04-14 09:00:00,326.0
2018-04-14 10:00:00,277.0
2018-04-14 11:00:00,96.0
2018-04-14 12:00:00,45.0
2018-04-14 13:00:00,11.0
2018-04-14 14:00:00,11.0
2018-04-14 15:00:00,4.0
2018-04-14 16:00:00,12.0
2018-04-14 17:00:00,19.0
2018-04-14 18:00:00,17.0
2018-04-14 19:00:00,42.0
2018-04-14 20:00:00,46.0
2018-04-14 21:00:00,61.0
2018-04-14 22:00:00,100.0
2018-04-14 23:00:00,160.0
2018-04-15 00:00:00,234.0
2018-04-15 01:00:00,187.0
2018-04-15 02:00:00,183.0
2018-04-15 03:00:00,204.0
2018-04-15 04:00:00,321.0
2018-04-15 05:00:00,301.0
2018-04-15 06:00:00,326.0
2018-04-15 07:00:00,356.0
2018-04-15 08:00:00,345.0
2018-04-15 09:00:00,316.0
2018-04-15 10:00:00,175.0
2018-04-15 11:00:00,141.0
2018-04-15 12:00:00,27.0
2018-04-15 13:00:00,9.0
2018-04-15 14:00:00,8.0
2018-04-15 15:00:00,19.0
2018-04-15 16:00:00,36.0
2018-04-15 17:00:00,39.0
2018-04-15 18:00:00,34.0
2018-04-15 19:00:00,50.0
2018-04-15 20:00:00,55.0
2018-04-15 21:00:00,63.0
2018-04-15 22:00:00,110.0
2018-04-15 23:00:00,88.0
2018-04-16 00:00:00,118.0
2018-04-16 01:00:00,180.0
2018-04-16 02:00:00,278.0
2018-04-16 03:00:00,218.69681519146172
2018-04-16 04:00:00,160.48645171128754
2018-04-16 05:00:00,267.25446446205586
2018-04-16 06:00:00,273.08298226663373
2018-04-16 07:00:00,242.31114901507615
2018-04-16 08:00:00,171.92678249665312
2018-04-16 09:00:00,138.4657185679298
2018-04-16 10:00:00,74.46787219424859
2018-04-16 11:00:00,63.108145342025544
2018-04-16 12:00:00,68.28428071710077
2018-04-16 13:00:00,44.17772221923582
2018-04-16 14:00:00,44.93172276002921
2018-04-16 15:00:00,51.57261769024261
2018-04-16 16:00:00,53.24369839424188
2018-04-16 17:00:00,33.75113891796267
2018-04-16 18:00:00,35.137433980725724
2018-04-16 19:00:00,40.13144523164775
2018-04-16 20:00:00,55.563927694653145
2018-04-16 21:00:00,74.62829187349297
2018-04-16 22:00:00,131.38097657656562
2018-04-16 23:00:00,196.56453606497618
2018-04-17 00:00:00,170.73696051857286
2018-04-17 01:00:00,193.49933524036953
2018-04-17 02:00:00,210.8406358424439
2018-04-17 03:00:00,218.6968151914648
2018-04-17 04:00:00,160.48645171130377
2018-04-17 05:00:00,267.25446446205115
2018-04-17 06:00:00,273.0829822666316
2018-04-17 07:00:00,242.3111490150753
2018-04-17 08:00:00,171.92678249665985
2018-04-17 09:00:00,138.46571856794944
2018-04-17 10:00:00,74.46787219425934
2018-04-17 11:00:00,63.10814534202502
2018-04-17 12:00:00,68.28428071709544
2018-04-17 13:00:00,44.17772221923507
2018-04-17 14:00:00,44.931722760030375
2018-04-17 15:00:00,51.57261769024236
2018-04-17 16:00:00,53.243698394241264
2018-04-17 17:00:00,33.751138917964646
2018-04-17 18:00:00,35.13743398072432
2018-04-17 19:00:00,40.1314452316461
2018-04-17 20:00:00,55.56392769465104
2018-04-17 21:00:00,74.6282918734916
2018-04-17 22:00:00,131.3809765765623
2018-04-17 23:00:00,196.56453606497243
2018-04-18 00:00:00,170.73696051856376
2018-04-18 01:00:00,193.49933524035237
2018-04-18 02:00:00,210.84063584242648
2018-04-18 03:00:00,218.6968151914472
2018-04-18 04:00:00,160.48645171129886
2018-04-18 05:00:00,267.25446446204273
2018-04-18 06:00:00,273.0829822666202
2018-04-18 07:00:00,242.31114901506012
2018-04-18 08:00:00,171.92678249665042
2018-04-18 09:00:00,138.46571856795
2018-04-18 10:00:00,74.46787219426363
2018-04-18 11:00:00,63.108145342026
2018-04-18 12:00:00,68.28428071709533
2018-04-18 13:00:00,44.17772221923732
2018-04-18 14:00:00,44.931722760030894
2018-04-18 15:00:00,51.57261769024285
2018-04-18 16:00:00,53.24369839424005
2018-04-18 17:00:00,24.0
2018-04-18 18:00:00,9.0
2018-04-18 19:00:00,27.0
2018-04-18 20:00:00,26.0
2018-04-18 21:00:00,55.0
2018-04-18 22:00:00,81.0
2018-04-18 23:00:00,81.0
2018-04-19 00:00:00,79.0
2018-04-19 01:00:00,84.0
2018-04-19 02:00:00,88.0
2018-04-19 03:00:00,144.0
2018-04-19 04:00:00,125.0
2018-04-19 05:00:00,124.0
2018-04-19 06:00:00,211.0
2018-04-19 07:00:00,303.0
2018-04-19 08:00:00,242.0
2018-04-19 09:00:00,111.0
2018-04-19 10:00:00,132.0
2018-04-19 11:00:00,70.0
2018-04-19 12:00:00,53.0
2018-04-19 13:00:00,47.0
2018-04-19 14:00:00,54.0
2018-04-19 15:00:00,61.0
2018-04-19 16:00:00,66.0
2018-04-19 17:00:00,33.0
2018-04-19 18:00:00,40.0
2018-04-19 19:00:00,29.0
2018-04-19 20:00:00,57.0
2018-04-19 21:00:00,57.0
2018-04-19 22:00:00,75.0
2018-04-19 23:00:00,89.0
2018-04-20 00:00:00,92.0
